{
  "swagger": "2.0",
  "info": {
    "title": "Base Resource Schema",
    "version": "v1.1.0-20160519",
    "license": {
      "name": "copyright 2016-2017 Open Connectivity Foundation, Inc. All rights reserved.",
      "x-description": "Redistribution and use in source and binary forms, with or without modification, are permitted provided that the following conditions are met:\n        1.  Redistributions of source code must retain the above copyright notice, this list of conditions and the following disclaimer.\n        2.  Redistributions in binary form must reproduce the above copyright notice, this list of conditions and the following disclaimer in the documentation and/or other materials provided with the distribution.\n\n        THIS SOFTWARE IS PROVIDED BY THE Open Connectivity Foundation, INC. \"AS IS\" AND ANY EXPRESS OR IMPLIED WARRANTIES, INCLUDING, BUT NOT LIMITED TO, THE IMPLIED WARRANTIES OF MERCHANTABILITY AND FITNESS FOR A PARTICULAR PURPOSE OR WARRANTIES OF NON-INFRINGEMENT, ARE DISCLAIMED.\n        IN NO EVENT SHALL THE Open Connectivity Foundation, INC. OR CONTRIBUTORS BE LIABLE FOR ANY DIRECT, INDIRECT, INCIDENTAL, SPECIAL, EXEMPLARY, OR CONSEQUENTIAL DAMAGES (INCLUDING, BUT NOT LIMITED TO, PROCUREMENT OF SUBSTITUTE GOODS OR SERVICES; LOSS OF USE, DATA, OR PROFITS; OR BUSINESS INTERRUPTION)\n        HOWEVER CAUSED AND ON ANY THEORY OF LIABILITY, WHETHER IN CONTRACT, STRICT LIABILITY, OR TORT (INCLUDING NEGLIGENCE OR OTHERWISE) ARISING IN ANY WAY OUT OF THE USE OF THIS SOFTWARE, EVEN IF ADVISED OF THE POSSIBILITY OF SUCH DAMAGE.\n"
    }
  },
  "schemes": ["http"],
  "consumes": ["application/json"],
  "produces": ["application/json"],
  "paths": {
    "/BaseResourceSchemaResURI" : {
      "get": {
        "description": "This is the base resource schema on which all other resources defined in this specification build.\nvalue is the sensed or actuated value of the Resource.\nprecision is the accuracy granularity of the value.\nrange is the range over which value is valid.\nstep is the step function over the defined range if applicable (e.g. always step by '2').\nretrieves the state of the resource.",
        "parameters": [
          {"$ref": "#/parameters/interface-baseline"}
        ],
        "responses": {
            "200": {
              "description" : "",
              "x-example":
                {
                  "rt" :            ["oic.baseresource"],
                  "if":             ["oic.if.baseline"],
                  "id":             "unique_example_id",
                  "value":          10.5,
                  "precision":      0.5,
                  "range":          [0.0,100.0]
                }
                ,
              "schema": { "$ref": "#/definitions/base" }
            }
        }
      },
      "post": {
        "description": "sets the read-write resource properties",
        "parameters": [
          {"$ref": "#/parameters/interface-a"},
          {
            "name": "body",
            "in": "body",
            "required": true,
            "schema": { "$ref": "#/definitions/base" },
            "x-example":
              {
                "value":  20.5
              }
          }
        ],
        "responses": {
            "200": {
              "description" : "",
              "x-example":
                {
                  "value":  20.5
                }
                ,
              "schema": { "$ref": "#/definitions/base" }
            }
        }
      }
    }
  },
  "parameters": {
    "interface-a" : {
      "in" : "query",
      "name" : "if",
      "type" : "string",
      "enum" : ["oic.if.a"]
    },
    "interface-baseline" : {
      "in" : "query",
      "name" : "if",
      "type" : "string",
      "enum" : ["oic.if.baseline"]
    }
  },
  "definitions": {
    "base" : 
            {
        "properties": {
          "id": {
            "description": "Instance ID of this specific resource",
            "maxLength": 64,
            "readOnly": true,
            "type": "string"
          },
          "if": {
            "description": "The interface set supported by this resource",
            "items": {
              "enum": [
                "oic.if.baseline",
                "oic.if.ll",
                "oic.if.b",
                "oic.if.lb",
                "oic.if.rw",
                "oic.if.r",
                "oic.if.a",
                "oic.if.s"
              ],
              "type": "string"
            },
            "minItems": 1,
            "readOnly": true,
            "type": "array"
          },
          "n": {
            "description": "Friendly name of the resource",
            "maxLength": 64,
            "readOnly": true,
            "type": "string"
          },
          "precision": {
            "description": "Accuracy granularity of the exposed value",
            "readOnly": true,
            "type": "number"
          },
          "range": {
            "description": "The valid range for the value Property",
            "items": {
              "anyOf": [
                {
                  "type": "number"
                },
                {
                  "type": "integer"
                }
              ]
            },
            "maxItems": 2,
            "minItems": 2,
            "readOnly": true,
            "type": "array"
          },
          "rt": {
            "description": "Resource Type",
            "items": {
              "maxLength": 64,
              "type": "string"
            },
            "minItems": 1,
            "readOnly": true,
            "type": "array"
          },
          "step": {
            "anyOf": [
              {
                "type": "integer"
              },
              {
                "type": "number"
              }
            ],
            "description": "Step value across the defined range",
            "readOnly": true
          },
          "value": {
            "anyOf": [
              {
                "type": "array"
              },
              {
                "type": "string"
              },
              {
                "type": "boolean"
              },
              {
                "type": "integer"
              },
              {
                "type": "number"
              },
              {
                "type": "object"
              }
            ],
            "description": "The value sensed or actuated by this Resource"
          }
        },
        "type": "object"
      }

  }
}
