{
  "swagger": "2.0",
  "info": {
    "title": "Battery Material",
    "version": "v1.1.0-20170815",
    "license": {
      "name": "copyright 2016-2017 Open Connectivity Foundation, Inc. All rights reserved.",
      "x-description": "Redistribution and use in source and binary forms, with or without modification, are permitted provided that the following conditions are met:\n        1.  Redistributions of source code must retain the above copyright notice, this list of conditions and the following disclaimer.\n        2.  Redistributions in binary form must reproduce the above copyright notice, this list of conditions and the following disclaimer in the documentation and/or other materials provided with the distribution.\n\n        THIS SOFTWARE IS PROVIDED BY THE Open Connectivity Foundation, INC. \"AS IS\" AND ANY EXPRESS OR IMPLIED WARRANTIES, INCLUDING, BUT NOT LIMITED TO, THE IMPLIED WARRANTIES OF MERCHANTABILITY AND FITNESS FOR A PARTICULAR PURPOSE OR WARRANTIES OF NON-INFRINGEMENT, ARE DISCLAIMED.\n        IN NO EVENT SHALL THE Open Connectivity Foundation, INC. OR CONTRIBUTORS BE LIABLE FOR ANY DIRECT, INDIRECT, INCIDENTAL, SPECIAL, EXEMPLARY, OR CONSEQUENTIAL DAMAGES (INCLUDING, BUT NOT LIMITED TO, PROCUREMENT OF SUBSTITUTE GOODS OR SERVICES; LOSS OF USE, DATA, OR PROFITS; OR BUSINESS INTERRUPTION)\n        HOWEVER CAUSED AND ON ANY THEORY OF LIABILITY, WHETHER IN CONTRACT, STRICT LIABILITY, OR TORT (INCLUDING NEGLIGENCE OR OTHERWISE) ARISING IN ANY WAY OUT OF THE USE OF THIS SOFTWARE, EVEN IF ADVISED OF THE POSSIBILITY OF SUCH DAMAGE.\n"
    }
  },
  "schemes": ["http"],
  "consumes": ["application/json"],
  "produces": ["application/json"],
  "paths": {
    "/BatteryMaterialResURI" : {
      "get": {
        "description": "This resource describes the battery material represented as an enumerated set of strings.\nRetrieves the battery material.\n",
        "parameters": [
          {"$ref": "#/parameters/interface"}
        ],
        "responses": {
            "200": {
              "description" : "",
              "x-example":
                {
                    "rt": ["oic.r.batterymaterial"],
                    "id":     "unique_example_id",
                    "material": "Alkaline"
                }
                ,
              "schema": { "$ref": "#/definitions/BatteryMaterial" }
            }
        }
      }
    }
  },
  "parameters": {
    "interface" : {
      "in" : "query",
      "name" : "if",
      "type" : "string",
      "enum" : ["oic.if.s", "oic.if.baseline"]
    }
  },
  "definitions": {
    "BatteryMaterial" : {
      "properties": {
        "rt" :
                {
          "description": "Resource Type",
          "items": {
            "maxLength": 64,
            "type": "string"
          },
          "minItems": 1,
          "readOnly": true,
          "type": "array"
        },

        "material" :
                {
          "description": "Battery construction material (type).",
          "enum": [
            "Alkaline",
            "Aluminium Air",
            "Aluminium Ion",
            "Atomic Betavoltaics",
            "Atomic Optoelectric Nuclear",
            "Atomic Nuclear",
            "Bunsen Cell",
            "Chromic Acid Cell",
            "Poggendorff Cell",
            "Clark Cell",
            "Daniell Cell",
            "Dry Cell",
            "Earth",
            "Flow",
            "Flow Vanadium Redox",
            "Flow Zinc Bromine",
            "Flow Zinc Cerium",
            "Frog",
            "Fuel",
            "Galvanic Cell",
            "Glass",
            "Grove Cell",
            "Lead Acid",
            "Lead Acid Deep Cycle",
            "Lead Acid VRLA",
            "Lead Acid AGM",
            "Lead Acid Gel",
            "Leclanche Cell",
            "Lemon Potato",
            "Lithium",
            "Lithium Air",
            "Lithium Ion",
            "Lithium Ion Cobalt Oxide (ICR)",
            "Lithium Ion Manganese Oxide (IMR)",
            "Lithium Ion Polymer",
            "Lithium Iron Phosphate",
            "Lithium Sulfur",
            "Lithium Titanate",
            "Lithium Ion Thin Film",
            "Magnesium",
            "Magnesium Ion",
            "Mercury",
            "Molten Salt",
            "Nickel Cadmium",
            "Nickel Cadmium Vented Cell",
            "Nickel Hydrogen",
            "Nickel Iron ",
            "Nickel Metal Hydride",
            "Nickel Metal Hydride Low Self-Discharge",
            "Nickel Oxyhydroxide",
            "Nickel Oxyride",
            "Nickel Zinc",
            "Organic Radical",
            "Paper",
            "Polymer Based",
            "Polysulfide Bromide",
            "Potassium Ion",
            "Pulvermachers Chain",
            "Silicon Air",
            "Silver Calcium",
            "Silver Oxide",
            "Silver Zinc",
            "Sodium Ion",
            "Sodium Sulfur",
            "Solid State",
            "Sugar",
            "Super Iron",
            "UltraBattery",
            "Voltaic Pile",
            "Voltaic Pile Penny",
            "Voltaic Pile Trough",
            "Water Activated",
            "Weston Cell",
            "Zinc Air",
            "Zinc Carbon",
            "Zinc Chloride",
            "Zinc Ion",
            "Unknown"
          ],
          "readOnly": true,
          "type": "string"
        },

        "precision" :
                {
          "description": "Accuracy granularity of the exposed value",
          "readOnly": true,
          "type": "number"
        },

        "value" :
                {
          "anyOf": [
            {
              "type": "array"
            },
            {
              "type": "string"
            },
            {
              "type": "boolean"
            },
            {
              "type": "integer"
            },
            {
              "type": "number"
            },
            {
              "type": "object"
            }
          ],
          "description": "The value sensed or actuated by this Resource"
        },

        "n" :
                {
          "description": "Friendly name of the resource",
          "maxLength": 64,
          "readOnly": true,
          "type": "string"
        },

        "range" :
                {
          "description": "The valid range for the value Property",
          "items": {
            "anyOf": [
              {
                "type": "number"
              },
              {
                "type": "integer"
              }
            ]
          },
          "maxItems": 2,
          "minItems": 2,
          "readOnly": true,
          "type": "array"
        },

        "step" :
                {
          "anyOf": [
            {
              "type": "integer"
            },
            {
              "type": "number"
            }
          ],
          "description": "Step value across the defined range",
          "readOnly": true
        },

        "id" :
                {
          "description": "Instance ID of this specific resource",
          "maxLength": 64,
          "readOnly": true,
          "type": "string"
        },

        "if" :
                {
          "description": "The interface set supported by this resource",
          "items": {
            "enum": [
              "oic.if.baseline",
              "oic.if.ll",
              "oic.if.b",
              "oic.if.lb",
              "oic.if.rw",
              "oic.if.r",
              "oic.if.a",
              "oic.if.s"
            ],
            "type": "string"
          },
          "minItems": 1,
          "readOnly": true,
          "type": "array"
        }

        }
        ,"type" : "object"
      ,"required": ["material"]
    }
  }
}
