{
  "swagger": "2.0",
  "info": {
    "title": "Colour Hue and Saturation",
    "version": "v1.0-2017",
    "license": {
      "name": "copyright 2016-2017 Open Connectivity Foundation, Inc. All rights reserved.",
      "x-description": "Redistribution and use in source and binary forms, with or without modification, are permitted provided that the following conditions are met:\n        1.  Redistributions of source code must retain the above copyright notice, this list of conditions and the following disclaimer.\n        2.  Redistributions in binary form must reproduce the above copyright notice, this list of conditions and the following disclaimer in the documentation and/or other materials provided with the distribution.\n\n        THIS SOFTWARE IS PROVIDED BY THE Open Connectivity Foundation, INC. \"AS IS\" AND ANY EXPRESS OR IMPLIED WARRANTIES, INCLUDING, BUT NOT LIMITED TO, THE IMPLIED WARRANTIES OF MERCHANTABILITY AND FITNESS FOR A PARTICULAR PURPOSE OR WARRANTIES OF NON-INFRINGEMENT, ARE DISCLAIMED.\n        IN NO EVENT SHALL THE Open Connectivity Foundation, INC. OR CONTRIBUTORS BE LIABLE FOR ANY DIRECT, INDIRECT, INCIDENTAL, SPECIAL, EXEMPLARY, OR CONSEQUENTIAL DAMAGES (INCLUDING, BUT NOT LIMITED TO, PROCUREMENT OF SUBSTITUTE GOODS OR SERVICES; LOSS OF USE, DATA, OR PROFITS; OR BUSINESS INTERRUPTION)\n        HOWEVER CAUSED AND ON ANY THEORY OF LIABILITY, WHETHER IN CONTRACT, STRICT LIABILITY, OR TORT (INCLUDING NEGLIGENCE OR OTHERWISE) ARISING IN ANY WAY OUT OF THE USE OF THIS SOFTWARE, EVEN IF ADVISED OF THE POSSIBILITY OF SUCH DAMAGE.\n"
    }
  },
  "schemes": ["http"],
  "consumes": ["application/json"],
  "produces": ["application/json"],
  "paths": {
    "/example/ColourHueSaturationResURI" : {
      "get": {
        "description": "This resource describes the colour using hue-saturation conventions.\nhue is the hue angle, it is a number value as defined by the CIECAM02 model definition (see reference [CIE CIE159:2004]).\n  A Device that does not support fractional hue angles can provide integer values.\n  If precision (from oic.r.baseresource) is provided it applies to the hue angle.\nsaturation is an integer value as defined by the CIECAM02 model definition (see reference [CIE CIE159:2004]).\n  saturation can be converted to a percentage by saturation/maximumsaturation X 100; where maximumsaturation is 32767 if the Property itself is not present.\nmaximumsaturation is the upper bound on the saturation supported by the Device.\n  If not present the maximum value for saturation is 32767.\nProvides the colour using hue and saturation conventions.\n",
        "parameters": [
          {"$ref": "#/parameters/interface-all"}
        ],
        "responses": {
            "200": {
              "description" : "",
              "x-example":
                {
                  "rt":         ["oic.r.colour.hs"],
                  "id":         "unique_example_id",
                  "hue":        300.0,
                  "saturation": 212,
                  "maximumsaturation": 1000
                }
                ,
              "schema": { "$ref": "#/definitions/ColourHS" }
            }
        }
      },
      "post": {
        "description": "Sets current colour hue and saturation values.\nAt least one of hue or saturation shall be provided in the payload.\n",
        "parameters": [
          {"$ref": "#/parameters/interface-a"},
          {
            "name": "body",
            "in": "body",
            "required": true,
            "schema": { "$ref": "#/definitions/ColourHS" },
            "x-example":
              {
                "id":         "unique_example_id",
                "hue":        300.0,
                "saturation": 212
              }
          }
        ],
        "responses": {
            "200": {
              "description" : "",
              "x-example":
                {
                  "id":          "unique_example_id",
                  "hue":         300.0,
                  "saturation":  212
                }
                ,
              "schema": { "$ref": "#/definitions/ColourHS" }
            }
        }
      }
    }
  },
  "parameters": {
    "interface-a" : {
      "in" : "query",
      "name" : "if",
      "type" : "string",
      "enum" : ["oic.if.a"]
    },
    "interface-all" : {
      "in" : "query",
      "name" : "if",
      "type" : "string",
      "enum" : ["oic.if.a", "oic.if.baseline"]
    }
  },
  "definitions": {
    "ColourHS" : {
      "properties": {
        "rt" :
                {
          "description": "Resource Type",
          "items": {
            "maxLength": 64,
            "type": "string"
          },
          "minItems": 1,
          "readOnly": true,
          "type": "array"
        },

        "hue" :
                {
          "description": "Hue angle as defined by the CIECAM02 model definition",
          "maximum": 360.0,
          "minimum": 0.0,
          "type": "number"
        },

        "saturation" :
                {
          "description": "Saturation as defined by the CIECAM02 model definition",
          "maximum": 32767,
          "minimum": 0,
          "type": "integer"
        },

        "maximumsaturation" :
                {
          "description": "Maximum supported value of Saturation for this Device",
          "maximum": 32767,
          "minimum": 0,
          "readOnly": true,
          "type": "integer"
        },

        "precision" :
                {
          "description": "Accuracy granularity of the exposed value",
          "readOnly": true,
          "type": "number"
        },

        "value" :
                {
          "anyOf": [
            {
              "type": "array"
            },
            {
              "type": "string"
            },
            {
              "type": "boolean"
            },
            {
              "type": "integer"
            },
            {
              "type": "number"
            },
            {
              "type": "object"
            }
          ],
          "description": "The value sensed or actuated by this Resource"
        },

        "n" :
                {
          "description": "Friendly name of the resource",
          "maxLength": 64,
          "readOnly": true,
          "type": "string"
        },

        "range" :
                {
          "description": "The valid range for the value Property",
          "items": {
            "anyOf": [
              {
                "type": "number"
              },
              {
                "type": "integer"
              }
            ]
          },
          "maxItems": 2,
          "minItems": 2,
          "readOnly": true,
          "type": "array"
        },

        "step" :
                {
          "anyOf": [
            {
              "type": "integer"
            },
            {
              "type": "number"
            }
          ],
          "description": "Step value across the defined range",
          "readOnly": true
        },

        "id" :
                {
          "description": "Instance ID of this specific resource",
          "maxLength": 64,
          "readOnly": true,
          "type": "string"
        },

        "if" :
                {
          "description": "The interface set supported by this resource",
          "items": {
            "enum": [
              "oic.if.baseline",
              "oic.if.ll",
              "oic.if.b",
              "oic.if.lb",
              "oic.if.rw",
              "oic.if.r",
              "oic.if.a",
              "oic.if.s"
            ],
            "type": "string"
          },
          "minItems": 1,
          "readOnly": true,
          "type": "array"
        }

        }
        ,"type" : "object"
      ,"required": ["hue", "saturation"]
    }
  }
}
