{
  "id": "http://openinterconnect.org/iotdatamodels/schemas/oic.r.consumable#",
  "$schema": "http://json-schema.org/draft-04/schema#",
  "description" : "Copyright (c) 2017 Open Connectivity Foundation, Inc. All rights reserved.",
  "title": "Consumable",
  "definitions": {
    "oic.r.consumable": {
      "type": "object",
      "properties": {
        "typeofconsumable":  {
          "type": "string",
          "description": "Thing that is being consumed.",
          "readOnly": true
        },
        "remaining": {
          "type": "integer",
          "description": "Percentage remaining lifespan.",
          "readOnly": true,
          "minimum": 0,
          "maximum": 100
        },
        "orderpercentage": {
          "type": "integer",
          "description": "Percentage at which re-ordering is recommended by the manufacturer",
          "readOnly": true,
          "minimum": 0,
          "maximum": 100
        },
        "url": {
          "type": "string",
          "format": "uri",
          "description": "URL at which additional ordering information may be found.",
          "readOnly": true
        },
		"usedtime": {
          "type": "integer",          
		  "description": "elapsed time of consumable being in use in seconds.",
          "readOnly": true
        }
      }
    }
  },
  "type": "object",
  "allOf": [
    {"$ref": "oic.baseResource.json#/definitions/oic.r.baseresource"},
    {"$ref": "#/definitions/oic.r.consumable"}
  ],
  "required": ["typeofconsumable","remaining"]
}