{
  "swagger": "2.0",
  "info": {
    "title": "Energy Usage",
    "version": "v1.1.0-20160519",
    "license": {
      "name": "copyright 2016-2017 Open Connectivity Foundation, Inc. All rights reserved.",
      "x-description": "Redistribution and use in source and binary forms, with or without modification, are permitted provided that the following conditions are met:\n        1.  Redistributions of source code must retain the above copyright notice, this list of conditions and the following disclaimer.\n        2.  Redistributions in binary form must reproduce the above copyright notice, this list of conditions and the following disclaimer in the documentation and/or other materials provided with the distribution.\n\n        THIS SOFTWARE IS PROVIDED BY THE Open Connectivity Foundation, INC. \"AS IS\" AND ANY EXPRESS OR IMPLIED WARRANTIES, INCLUDING, BUT NOT LIMITED TO, THE IMPLIED WARRANTIES OF MERCHANTABILITY AND FITNESS FOR A PARTICULAR PURPOSE OR WARRANTIES OF NON-INFRINGEMENT, ARE DISCLAIMED.\n        IN NO EVENT SHALL THE Open Connectivity Foundation, INC. OR CONTRIBUTORS BE LIABLE FOR ANY DIRECT, INDIRECT, INCIDENTAL, SPECIAL, EXEMPLARY, OR CONSEQUENTIAL DAMAGES (INCLUDING, BUT NOT LIMITED TO, PROCUREMENT OF SUBSTITUTE GOODS OR SERVICES; LOSS OF USE, DATA, OR PROFITS; OR BUSINESS INTERRUPTION)\n        HOWEVER CAUSED AND ON ANY THEORY OF LIABILITY, WHETHER IN CONTRACT, STRICT LIABILITY, OR TORT (INCLUDING NEGLIGENCE OR OTHERWISE) ARISING IN ANY WAY OUT OF THE USE OF THIS SOFTWARE, EVEN IF ADVISED OF THE POSSIBILITY OF SUCH DAMAGE.\n"
    }
  },
  "schemes": ["http"],
  "consumes": ["application/json"],
  "produces": ["application/json"],
  "paths": {
    "/EnergyUsageResURI" : {
      "get": {
        "description": "This resource describes a cumulative time-based energy usage query..\nThe resource is a composite resource being made up as a collection of:\n  TimePeriod Resource\n  EnergyConsumption Resource\nRetrieves the energy usage information as a composite of consumption over time.\n",
        "parameters": [
          {"$ref": "#/parameters/interface"}
        ],
        "responses": {
            "200": {
              "description" : "",
              "x-example":
                {
                  "rt": ["oic.r.energy.usage"],
                  "id": "unique_example_id",
                  "resources": [
                    {
                      "href": "/TimeIntervalResURI",
                      "rel":  "contains",
                      "rt":   ["oic.r.time.period"],
                      "if":   ["oic.if.a"],
                      "eps":  [{"ep": "coaps://[fe80::b1d6]:1122"}]
                    },
                    {
                      "href": "/EnergyConsumptionResURI",
                      "rel":  "contains",
                      "rt":   ["oic.r.energy.consumption"],
                      "if":   ["oic.if.s"],
                      "eps":  [{"ep": "coaps://[fe80::b1d6]:1122"}]
                    }
                  ]
                }
                ,
              "schema": { "$ref": "#/definitions/Usage" }
            }
        }
      }
    }
  },
  "parameters": {
    "interface" : {
      "in" : "query",
      "name" : "if",
      "type" : "string",
      "enum" : ["oic.if.ll", "oic.if.b", "oic.if.baseline"]
    }
  },
  "definitions": {
    "Usage" : {
      "properties": {
        "rt" :
                {
          "description": "Resource Type",
          "items": {
            "maxLength": 64,
            "type": "string"
          },
          "minItems": 1,
          "readOnly": true,
          "type": "array"
        },

        "precision" :
                {
          "description": "Accuracy granularity of the exposed value",
          "readOnly": true,
          "type": "number"
        },

        "value" :
                {
          "anyOf": [
            {
              "type": "array"
            },
            {
              "type": "string"
            },
            {
              "type": "boolean"
            },
            {
              "type": "integer"
            },
            {
              "type": "number"
            },
            {
              "type": "object"
            }
          ],
          "description": "The value sensed or actuated by this Resource"
        },

        "n" :
                {
          "description": "Friendly name of the resource",
          "maxLength": 64,
          "readOnly": true,
          "type": "string"
        },

        "range" :
                {
          "description": "The valid range for the value Property",
          "items": {
            "anyOf": [
              {
                "type": "number"
              },
              {
                "type": "integer"
              }
            ]
          },
          "maxItems": 2,
          "minItems": 2,
          "readOnly": true,
          "type": "array"
        },

        "step" :
                {
          "anyOf": [
            {
              "type": "integer"
            },
            {
              "type": "number"
            }
          ],
          "description": "Step value across the defined range",
          "readOnly": true
        },

        "id" :
                {
          "description": "Instance ID of this specific resource",
          "maxLength": 64,
          "readOnly": true,
          "type": "string"
        },

        "resources" :
                {
          "items": {
            "properties": {
              "anchor": {
                "description": "This is used to override the context URI e.g. override the URI of the containing collection",
                "format": "uri",
                "maxLength": 256,
                "type": "string"
              },
              "di": {
                "description": "An identifier formatted according to IETF RFC 4122.",
                "pattern": "^[a-fA-F0-9]{8}-[a-fA-F0-9]{4}-[a-fA-F0-9]{4}-[a-fA-F0-9]{4}-[a-fA-F0-9]{12}$",
                "type": "string"
              },
              "eps": {
                "description": "the Endpoint information of the target Resource",
                "items": {
                  "properties": {
                    "ep": {
                      "description": "URI with Transport Protocol Suites + Endpoint Locator as specified in 10.2.1",
                      "format": "uri",
                      "type": "string"
                    },
                    "pri": {
                      "description": "The priority among multiple Endpoints as specified in 10.2.3",
                      "minimum": 1,
                      "type": "integer"
                    }
                  },
                  "type": "object"
                },
                "type": "array"
              },
              "href": {
                "description": "This is the target URI, it can be specified as a Relative Reference or fully-qualified URI. Relative Reference should be used along with the di parameter to make it unique.",
                "format": "uri",
                "maxLength": 256,
                "type": "string"
              },
              "if": {
                "description": "The interface set supported by this resource",
                "items": {
                  "enum": [
                    "oic.if.baseline",
                    "oic.if.ll",
                    "oic.if.b",
                    "oic.if.rw",
                    "oic.if.r",
                    "oic.if.a",
                    "oic.if.s"
                  ],
                  "type": "string"
                },
                "minItems": 1,
                "type": "array"
              },
              "ins": {
                "description": "The instance identifier for this web link in an array of web links - used in collections",
                "oneOf": [
                  {
                    "description": "An ordinal number that is not repeated - must be unique in the collection context",
                    "type": "integer"
                  },
                  {
                    "description": "Any unique string including a URI",
                    "format": "uri",
                    "maxLength": 256,
                    "type": "string"
                  },
                  {
                    "description": "An identifier formatted according to IETF RFC 4122.",
                    "pattern": "^[a-fA-F0-9]{8}-[a-fA-F0-9]{4}-[a-fA-F0-9]{4}-[a-fA-F0-9]{4}-[a-fA-F0-9]{12}$",
                    "type": "string"
                  }
                ]
              },
              "p": {
                "description": "Specifies the framework policies on the Resource referenced by the target URI",
                "properties": {
                  "bm": {
                    "description": "Specifies the framework policies on the Resource referenced by the target URI for e.g. observable and discoverable",
                    "type": "integer"
                  }
                },
                "required": [
                  "bm"
                ],
                "type": "object"
              },
              "rel": {
                "description": "The relation of the target URI referenced by the link to the context URI",
                "oneOf": [
                  {
                    "default": [
                      "hosts"
                    ],
                    "items": {
                      "maxLength": 64,
                      "type": "string"
                    },
                    "minItems": 1,
                    "type": "array"
                  },
                  {
                    "default": "hosts",
                    "maxLength": 64,
                    "type": "string"
                  }
                ]
              },
              "rt": {
                "description": "Resource Type",
                "items": {
                  "maxLength": 64,
                  "type": "string"
                },
                "minItems": 1,
                "type": "array"
              },
              "title": {
                "description": "A title for the link relation. Can be used by the UI to provide a context",
                "maxLength": 64,
                "type": "string"
              },
              "type": {
                "default": "application/cbor",
                "description": "A hint at the representation of the resource referenced by the target URI. This represents the media types that are used for both accepting and emitting",
                "items": {
                  "maxLength": 64,
                  "type": "string"
                },
                "minItems": 1,
                "type": "array"
              }
            },
            "required": [
              "href",
              "rt",
              "if"
            ],
            "type": "object"
          },
          "maxItems": 2,
          "minItems": 2,
          "type": "array"
        },

        "if" :
                {
          "description": "The interface set supported by this resource",
          "items": {
            "enum": [
              "oic.if.baseline",
              "oic.if.ll",
              "oic.if.b",
              "oic.if.lb",
              "oic.if.rw",
              "oic.if.r",
              "oic.if.a",
              "oic.if.s"
            ],
            "type": "string"
          },
          "minItems": 1,
          "readOnly": true,
          "type": "array"
        }

        }
        ,"type" : "object"
      ,"required": ["resources"]
    }
  }
}
