{
  "swagger": "2.0",
  "info": {
    "title": "Energy",
    "version": "v1.1.0-20170815",
    "license": {
      "name": "copyright 2016-2017 Open Connectivity Foundation, Inc. All rights reserved.",
      "x-description": "Redistribution and use in source and binary forms, with or without modification, are permitted provided that the following conditions are met:\n        1.  Redistributions of source code must retain the above copyright notice, this list of conditions and the following disclaimer.\n        2.  Redistributions in binary form must reproduce the above copyright notice, this list of conditions and the following disclaimer in the documentation and/or other materials provided with the distribution.\n\n        THIS SOFTWARE IS PROVIDED BY THE Open Connectivity Foundation, INC. \"AS IS\" AND ANY EXPRESS OR IMPLIED WARRANTIES, INCLUDING, BUT NOT LIMITED TO, THE IMPLIED WARRANTIES OF MERCHANTABILITY AND FITNESS FOR A PARTICULAR PURPOSE OR WARRANTIES OF NON-INFRINGEMENT, ARE DISCLAIMED.\n        IN NO EVENT SHALL THE Open Connectivity Foundation, INC. OR CONTRIBUTORS BE LIABLE FOR ANY DIRECT, INDIRECT, INCIDENTAL, SPECIAL, EXEMPLARY, OR CONSEQUENTIAL DAMAGES (INCLUDING, BUT NOT LIMITED TO, PROCUREMENT OF SUBSTITUTE GOODS OR SERVICES; LOSS OF USE, DATA, OR PROFITS; OR BUSINESS INTERRUPTION)\n        HOWEVER CAUSED AND ON ANY THEORY OF LIABILITY, WHETHER IN CONTRACT, STRICT LIABILITY, OR TORT (INCLUDING NEGLIGENCE OR OTHERWISE) ARISING IN ANY WAY OUT OF THE USE OF THIS SOFTWARE, EVEN IF ADVISED OF THE POSSIBILITY OF SUCH DAMAGE.\n"
    }
  },
  "schemes": ["http"],
  "consumes": ["application/json"],
  "produces": ["application/json"],
  "paths": {
    "/EnergyResURI" : {
      "get": {
        "description": "This resource describes the attributes associated with electrical energy. This can be used for either rated (read-only), desired (read-write) or measured (read-only) energy. The voltage is in Volts (V), current in Amps (A), and frequency in Hertz (Hz).\nRetrieves the current energy.\n",
        "parameters": [
          {"$ref": "#/parameters/interface-all"}
        ],
        "responses": {
            "200": {
              "description" : "",
              "x-example":
                {
                  "rt":     ["oic.r.energy.electrical"],
                  "id":     "unique_example_id",
                  "voltage": 120.0,
                  "current": 5.0,
                  "frequency": 60.0
                }
                ,
              "schema": { "$ref": "#/definitions/Energy" }
            }
        }
      },
      "post": {
        "description": "Sets the desired energy values\n",
        "parameters": [
          {"$ref": "#/parameters/interface-update"},
          {
            "name": "body",
            "in": "body",
            "required": true,
            "schema": { "$ref": "#/definitions/EnergyUpdate" },
            "x-example":
              {
                "id":     "unique_example_id",
                "desiredvoltage": 130.0,
                "desiredcurrent": 6.0
              }
          }
        ],
        "responses": {
            "200": {
              "description" : "",
              "x-example":
                {
                  "id":     "unique_example_id",
                  "desiredvoltage": 130.0,
                  "desiredcurrent": 6.0
                }
            }
        }
      }
    }
  },
  "parameters": {
    "interface-update" : {
      "in" : "query",
      "name" : "if",
      "type" : "string",
      "enum" : ["oic.if.rw", "oic.if.baseline"]
    },
    "interface-all" : {
      "in" : "query",
      "name" : "if",
      "type" : "string",
      "enum" : ["oic.if.r", "oic.if.rw", "oic.if.s", "oic.if.baseline"]
    }
  },
  "definitions": {
    "Energy" : {
      "properties": {
        "rt" :
                {
          "description": "Resource Type",
          "items": {
            "maxLength": 64,
            "type": "string"
          },
          "minItems": 1,
          "readOnly": true,
          "type": "array"
        },

        "precision" :
                {
          "description": "Accuracy granularity of the exposed value",
          "readOnly": true,
          "type": "number"
        },

        "value" :
                {
          "anyOf": [
            {
              "type": "array"
            },
            {
              "type": "string"
            },
            {
              "type": "boolean"
            },
            {
              "type": "integer"
            },
            {
              "type": "number"
            },
            {
              "type": "object"
            }
          ],
          "description": "The value sensed or actuated by this Resource"
        },

        "desiredcurrent" :
                {
          "description": "The desired electric current in Amps (A).",
          "type": "number"
        },

        "current" :
                {
          "description": "The electric current in Amps (A).",
          "readOnly": true,
          "type": "number"
        },

        "range" :
                {
          "description": "The valid range for the value Property",
          "items": {
            "anyOf": [
              {
                "type": "number"
              },
              {
                "type": "integer"
              }
            ]
          },
          "maxItems": 2,
          "minItems": 2,
          "readOnly": true,
          "type": "array"
        },

        "frequency" :
                {
          "description": "The electric frequency in Hertz (Hz).",
          "readOnly": true,
          "type": "number"
        },

        "voltage" :
                {
          "description": "The electric voltage in Volts (V).",
          "readOnly": true,
          "type": "number"
        },

        "step" :
                {
          "anyOf": [
            {
              "type": "integer"
            },
            {
              "type": "number"
            }
          ],
          "description": "Step value across the defined range",
          "readOnly": true
        },

        "n" :
                {
          "description": "Friendly name of the resource",
          "maxLength": 64,
          "readOnly": true,
          "type": "string"
        },

        "desiredfrequency" :
                {
          "description": "The desired electric frequency in Hertz (Hz).",
          "type": "number"
        },

        "id" :
                {
          "description": "Instance ID of this specific resource",
          "maxLength": 64,
          "readOnly": true,
          "type": "string"
        },

        "desiredvoltage" :
                {
          "description": "The desired electric voltage in Volts (V).",
          "type": "number"
        },

        "if" :
                {
          "description": "The interface set supported by this resource",
          "items": {
            "enum": [
              "oic.if.baseline",
              "oic.if.ll",
              "oic.if.b",
              "oic.if.lb",
              "oic.if.rw",
              "oic.if.r",
              "oic.if.a",
              "oic.if.s"
            ],
            "type": "string"
          },
          "minItems": 1,
          "readOnly": true,
          "type": "array"
        }

        }
        ,"type" : "object"
      ,"required": ["voltage", "current", "frequency"]
    }
    ,
    "EnergyUpdate" : {
      "properties": {
        "rt" :
                {
          "description": "Resource Type",
          "items": {
            "maxLength": 64,
            "type": "string"
          },
          "minItems": 1,
          "readOnly": true,
          "type": "array"
        },

        "precision" :
                {
          "description": "Accuracy granularity of the exposed value",
          "readOnly": true,
          "type": "number"
        },

        "value" :
                {
          "anyOf": [
            {
              "type": "array"
            },
            {
              "type": "string"
            },
            {
              "type": "boolean"
            },
            {
              "type": "integer"
            },
            {
              "type": "number"
            },
            {
              "type": "object"
            }
          ],
          "description": "The value sensed or actuated by this Resource"
        },

        "n" :
                {
          "description": "Friendly name of the resource",
          "maxLength": 64,
          "readOnly": true,
          "type": "string"
        },

        "range" :
                {
          "description": "The valid range for the value Property",
          "items": {
            "anyOf": [
              {
                "type": "number"
              },
              {
                "type": "integer"
              }
            ]
          },
          "maxItems": 2,
          "minItems": 2,
          "readOnly": true,
          "type": "array"
        },

        "step" :
                {
          "anyOf": [
            {
              "type": "integer"
            },
            {
              "type": "number"
            }
          ],
          "description": "Step value across the defined range",
          "readOnly": true
        },

        "desiredcurrent" :
                {
          "description": "The desired electric current in Amps (A).",
          "type": "number"
        },

        "desiredfrequency" :
                {
          "description": "The desired electric frequency in Hertz (Hz).",
          "type": "number"
        },

        "id" :
                {
          "description": "Instance ID of this specific resource",
          "maxLength": 64,
          "readOnly": true,
          "type": "string"
        },

        "desiredvoltage" :
                {
          "description": "The desired electric voltage in Volts (V).",
          "type": "number"
        },

        "if" :
                {
          "description": "The interface set supported by this resource",
          "items": {
            "enum": [
              "oic.if.baseline",
              "oic.if.ll",
              "oic.if.b",
              "oic.if.lb",
              "oic.if.rw",
              "oic.if.r",
              "oic.if.a",
              "oic.if.s"
            ],
            "type": "string"
          },
          "minItems": 1,
          "readOnly": true,
          "type": "array"
        }

        }
        ,"anyOf" : 
                [
          {
            "required": [
              "desiredvoltage"
            ]
          },
          {
            "required": [
              "desiredcurrent"
            ]
          },
          {
            "required": [
              "desiredfrequency"
            ]
          }
        ]

        ,"type" : "object"
    }
  }
}
