{
  "swagger": "2.0",
  "info": {
    "title": "Media Source Output",
    "version": "v1.1.0-20160519",
    "license": {
      "name": "copyright 2016-2017 Open Connectivity Foundation, Inc. All rights reserved.",
      "x-description": "Redistribution and use in source and binary forms, with or without modification, are permitted provided that the following conditions are met:\n        1.  Redistributions of source code must retain the above copyright notice, this list of conditions and the following disclaimer.\n        2.  Redistributions in binary form must reproduce the above copyright notice, this list of conditions and the following disclaimer in the documentation and/or other materials provided with the distribution.\n\n        THIS SOFTWARE IS PROVIDED BY THE Open Connectivity Foundation, INC. \"AS IS\" AND ANY EXPRESS OR IMPLIED WARRANTIES, INCLUDING, BUT NOT LIMITED TO, THE IMPLIED WARRANTIES OF MERCHANTABILITY AND FITNESS FOR A PARTICULAR PURPOSE OR WARRANTIES OF NON-INFRINGEMENT, ARE DISCLAIMED.\n        IN NO EVENT SHALL THE Open Connectivity Foundation, INC. OR CONTRIBUTORS BE LIABLE FOR ANY DIRECT, INDIRECT, INCIDENTAL, SPECIAL, EXEMPLARY, OR CONSEQUENTIAL DAMAGES (INCLUDING, BUT NOT LIMITED TO, PROCUREMENT OF SUBSTITUTE GOODS OR SERVICES; LOSS OF USE, DATA, OR PROFITS; OR BUSINESS INTERRUPTION)\n        HOWEVER CAUSED AND ON ANY THEORY OF LIABILITY, WHETHER IN CONTRACT, STRICT LIABILITY, OR TORT (INCLUDING NEGLIGENCE OR OTHERWISE) ARISING IN ANY WAY OUT OF THE USE OF THIS SOFTWARE, EVEN IF ADVISED OF THE POSSIBILITY OF SUCH DAMAGE.\n"
    }
  },
  "schemes": ["http"],
  "consumes": ["application/json"],
  "produces": ["application/json"],
  "paths": {
    "/mediaSourceOutputResURI" : {
      "get": {
        "description": "This resource provides the list of output media sources available on the device.\nThe sources are an array of mediaSource(s) as separately defined.\n",
        "parameters": [
          {"$ref": "#/parameters/interface"}
        ],
        "responses": {
            "200": {
              "description" : "",
              "x-example":
                {
                  "rt": ["oic.r.media.output"],
                  "id": "unique_example_id",
                  "sources": [
                    {
                      "sourceName": "HDMI-CEC",
                      "sourceNumber": "1",
                      "sourceType": "audioPlusVideo",
                      "status": true
                    },
                    {
                      "sourceName": "dualRCA",
                      "sourceNumber": "1",
                      "sourceType": "audioOnly",
                      "status": false
                    }
                  ]
                }
                ,
              "schema": { "$ref": "#/definitions/mediaSourceList" }
            }
        }
      },
      "post": {
        "description": "Changes the status of the source(s).\nAllows changes of the sourceName and the status.\n",
        "parameters": [
          {"$ref": "#/parameters/interface"},
          {
            "name": "body",
            "in": "body",
            "required": true,
            "schema": { "$ref": "#/definitions/mediaSourceList" },
            "x-example":
              {
                "id":     "unique_example_id",
                "sources": [
                  {
                   "sourceName":    "my new name",
                   "sourceNumber":  "1",
                   "status":        true
                  }
                ]
              }
          }
        ],
        "responses": {
            "200": {
              "description" : "",
              "x-example":
                {
                  "id":     "unique_example_id",
                  "sources": [
                    {
                      "sourceName":   "my new name",
                      "sourceNumber": "1",
                      "status":       true
                    }
                  ]
                }
                ,
              "schema": { "$ref": "#/definitions/mediaSourceList" }
            }
        }
      }
    }
  },
  "parameters": {
    "interface" : {
      "in" : "query",
      "name" : "if",
      "type" : "string",
      "enum" : ["oic.if.a", "oic.if.baseline"]
    }
  },
  "definitions": {
    "mediaSourceList" : {
      "properties": {
        "rt" :
                {
          "description": "Resource Type",
          "items": {
            "maxLength": 64,
            "type": "string"
          },
          "minItems": 1,
          "readOnly": true,
          "type": "array"
        },

        "precision" :
                {
          "description": "Accuracy granularity of the exposed value",
          "readOnly": true,
          "type": "number"
        },

        "value" :
                {
          "anyOf": [
            {
              "type": "array"
            },
            {
              "type": "string"
            },
            {
              "type": "boolean"
            },
            {
              "type": "integer"
            },
            {
              "type": "number"
            },
            {
              "type": "object"
            }
          ],
          "description": "The value sensed or actuated by this Resource"
        },

        "n" :
                {
          "description": "Friendly name of the resource",
          "maxLength": 64,
          "readOnly": true,
          "type": "string"
        },

        "sources" :
                {
          "items": {
            "oneOf": [
              {
                "properties": {
                  "sourceName": {
                    "description": "Specifies a pre-defined media input or output",
                    "type": "string"
                  },
                  "sourceNumber": {
                    "description": "Numeric identifier to specify the instance",
                    "readOnly": true,
                    "type": [
                      "integer",
                      "string"
                    ]
                  },
                  "sourceType": {
                    "description": "Specifies the type of the source",
                    "enum": [
                      "audioOnly",
                      "videoOnly",
                      "audioPlusVideo"
                    ],
                    "readOnly": true,
                    "type": "string"
                  },
                  "status": {
                    "description": "Specifies if the specific source instance is selected or not",
                    "type": "boolean"
                  }
                }
              }
            ]
          },
          "type": "array"
        },

        "range" :
                {
          "description": "The valid range for the value Property",
          "items": {
            "anyOf": [
              {
                "type": "number"
              },
              {
                "type": "integer"
              }
            ]
          },
          "maxItems": 2,
          "minItems": 2,
          "readOnly": true,
          "type": "array"
        },

        "step" :
                {
          "anyOf": [
            {
              "type": "integer"
            },
            {
              "type": "number"
            }
          ],
          "description": "Step value across the defined range",
          "readOnly": true
        },

        "id" :
                {
          "description": "Instance ID of this specific resource",
          "maxLength": 64,
          "readOnly": true,
          "type": "string"
        },

        "if" :
                {
          "description": "The interface set supported by this resource",
          "items": {
            "enum": [
              "oic.if.baseline",
              "oic.if.ll",
              "oic.if.b",
              "oic.if.lb",
              "oic.if.rw",
              "oic.if.r",
              "oic.if.a",
              "oic.if.s"
            ],
            "type": "string"
          },
          "minItems": 1,
          "readOnly": true,
          "type": "array"
        }

        }
        ,"type" : "object"
      ,"required": ["sources"]
    }
  }
}
