{
  "swagger": "2.0",
  "info": {
    "title": "Media Source",
    "version": "v1.1.0-20160519",
    "license": {
      "name": "copyright 2016-2017 Open Connectivity Foundation, Inc. All rights reserved.",
      "x-description": "Redistribution and use in source and binary forms, with or without modification, are permitted provided that the following conditions are met:\n        1.  Redistributions of source code must retain the above copyright notice, this list of conditions and the following disclaimer.\n        2.  Redistributions in binary form must reproduce the above copyright notice, this list of conditions and the following disclaimer in the documentation and/or other materials provided with the distribution.\n\n        THIS SOFTWARE IS PROVIDED BY THE Open Connectivity Foundation, INC. \"AS IS\" AND ANY EXPRESS OR IMPLIED WARRANTIES, INCLUDING, BUT NOT LIMITED TO, THE IMPLIED WARRANTIES OF MERCHANTABILITY AND FITNESS FOR A PARTICULAR PURPOSE OR WARRANTIES OF NON-INFRINGEMENT, ARE DISCLAIMED.\n        IN NO EVENT SHALL THE Open Connectivity Foundation, INC. OR CONTRIBUTORS BE LIABLE FOR ANY DIRECT, INDIRECT, INCIDENTAL, SPECIAL, EXEMPLARY, OR CONSEQUENTIAL DAMAGES (INCLUDING, BUT NOT LIMITED TO, PROCUREMENT OF SUBSTITUTE GOODS OR SERVICES; LOSS OF USE, DATA, OR PROFITS; OR BUSINESS INTERRUPTION)\n        HOWEVER CAUSED AND ON ANY THEORY OF LIABILITY, WHETHER IN CONTRACT, STRICT LIABILITY, OR TORT (INCLUDING NEGLIGENCE OR OTHERWISE) ARISING IN ANY WAY OUT OF THE USE OF THIS SOFTWARE, EVEN IF ADVISED OF THE POSSIBILITY OF SUCH DAMAGE.\n"
    }
  },
  "schemes": ["http"],
  "consumes": ["application/json"],
  "produces": ["application/json"],
  "paths": {
    "/mediaSourceResURI" : {
      "get": {
        "description": "This resource defines a media source that exists on a device.\nThe source can be an input source or output source, this resource is agnostic of that.\nThe sourceName specifies a pre-defined media input or output (e.g.\"HDMI\", \"DVI\")\nThe sourceNumber is a numeric identifier to specify the instance (e.g. \"PC\", 1)\nThe sourceType is an enumeration defining whether the source is audio, video or both.\nThe status is a boolean that determines if the specific source instance is selected or not.\n    A status of true means that the source instance is selected.\n    A status of false means that the source instance is not selected.\n",
        "parameters": [
          {"$ref": "#/parameters/interface"}
        ],
        "responses": {
            "200": {
              "description" : "",
              "x-example":
                {
                  "rt":           ["oic.r.mediasource"],
                  "id":           "unique_example_id",
                  "sourceName":   "HDMI-CEC",
                  "sourceNumber": "1",
                  "sourceType":   "audioPlusVideo",
                  "status":       true
                }
                ,
              "schema": { "$ref": "#/definitions/mediaSource" }
            }
        }
      },
      "post": {
        "description": "Changes the status of the source.\nAllows changes of the sourceName and the status.\n",
        "parameters": [
          {"$ref": "#/parameters/interface"},
          {
            "name": "body",
            "in": "body",
            "required": true,
            "schema": { "$ref": "#/definitions/mediaSource" },
            "x-example":
              {
                "id":           "unique_example_id",
                "sourceName":   "my new name",
                "sourceNumber": "1",
                "status":       true
              }
          }
        ],
        "responses": {
            "200": {
              "description" : "",
              "x-example":
                {
                  "id":           "unique_example_id",
                  "sourceName":   "my new name",
                  "sourceNumber": "1",
                  "status":       true
                }
                ,
              "schema": { "$ref": "#/definitions/mediaSource" }
            }
        }
      }
    }
  },
  "parameters": {
    "interface" : {
      "in" : "query",
      "name" : "if",
      "type" : "string",
      "enum" : ["oic.if.a", "oic.if.baseline"]
    }
  },
  "definitions": {
    "mediaSource" : {
      "properties": {
        "rt" :
                {
          "description": "Resource Type",
          "items": {
            "maxLength": 64,
            "type": "string"
          },
          "minItems": 1,
          "readOnly": true,
          "type": "array"
        },

        "status" :
                {
          "description": "Specifies if the specific source instance is selected or not",
          "type": "boolean"
        },

        "sourceType" :
                {
          "description": "Specifies the type of the source",
          "enum": [
            "audioOnly",
            "videoOnly",
            "audioPlusVideo"
          ],
          "readOnly": true,
          "type": "string"
        },

        "sourceName" :
                {
          "description": "Specifies a pre-defined media input or output",
          "type": "string"
        },

        "precision" :
                {
          "description": "Accuracy granularity of the exposed value",
          "readOnly": true,
          "type": "number"
        },

        "value" :
                {
          "anyOf": [
            {
              "type": "array"
            },
            {
              "type": "string"
            },
            {
              "type": "boolean"
            },
            {
              "type": "integer"
            },
            {
              "type": "number"
            },
            {
              "type": "object"
            }
          ],
          "description": "The value sensed or actuated by this Resource"
        },

        "n" :
                {
          "description": "Friendly name of the resource",
          "maxLength": 64,
          "readOnly": true,
          "type": "string"
        },

        "range" :
                {
          "description": "The valid range for the value Property",
          "items": {
            "anyOf": [
              {
                "type": "number"
              },
              {
                "type": "integer"
              }
            ]
          },
          "maxItems": 2,
          "minItems": 2,
          "readOnly": true,
          "type": "array"
        },

        "step" :
                {
          "anyOf": [
            {
              "type": "integer"
            },
            {
              "type": "number"
            }
          ],
          "description": "Step value across the defined range",
          "readOnly": true
        },

        "sourceNumber" :
                {
          "description": "Numeric identifier to specify the instance",
          "readOnly": true,
          "type": [
            "integer",
            "string"
          ]
        },

        "id" :
                {
          "description": "Instance ID of this specific resource",
          "maxLength": 64,
          "readOnly": true,
          "type": "string"
        },

        "if" :
                {
          "description": "The interface set supported by this resource",
          "items": {
            "enum": [
              "oic.if.baseline",
              "oic.if.ll",
              "oic.if.b",
              "oic.if.lb",
              "oic.if.rw",
              "oic.if.r",
              "oic.if.a",
              "oic.if.s"
            ],
            "type": "string"
          },
          "minItems": 1,
          "readOnly": true,
          "type": "array"
        }

        }
        ,"type" : "object"
      ,"required": ["sourceName", "status"]
    }
  }
}
