{
  "id": "http://openinterconnect.org/iotdatamodels/schemas/oic.r.glucose.json#",
  "$schema": "http://json-schema.org/draft-04/schema#",
  "description" : "Copyright (c) 2018 Open Connectivity Foundation, Inc. All rights reserved.",
  "title": "Glucose",
  "definitions": {
    "oic.r.glucose": {
      "type": "object",
      "properties": {
        "glucose": {
          "type": "number",
          "minimum": 0,
          "readOnly": true,
          "description": "A measurement of glucose concentration in the blood"
        },
        "units": {
          "type": "string",
          "readOnly": true,
          "enum": ["mg/dL", "mmol/L"],
          "description": "Glucose unit"
        }
      }
    }
  },
  "type": "object",
  "allOf": [
    {"$ref": "oic.core.json#/definitions/oic.core"},
    {"$ref": "oic.baseResource.json#/definitions/oic.r.baseresource"},
    {"$ref": "#/definitions/oic.r.glucose"}
  ],
  "required": ["glucose"]
}
