{
  "id": "http://openinterconnect.org/iotdatamodels/schemas/oic.r.sensor.threeaxis.json#",
  "$schema": "http://json-schema.org/draft-04/schema#",
  "description" : "Copyright (c) 2016, 2017 Open Connectivity Foundation, Inc. All rights reserved.",
  "title": "Three Axis Sensor",
  "definitions": {
    "oic.r.sensor.threeaxis": {
      "properties": {
        "orientation": {
            "type": "array",
            "readOnly": true,
            "description": "Array containing x-plane, y-plane and z-plane orientation in 'g'.",
            "minItems": 3,
            "maxItems": 3,
            "items": {
              "type": "number"
            }
        }
      }
    }
  },
  "type": "object",
  "allOf": [
    {"$ref": "oic.baseResource.json#/definitions/oic.r.baseresource"},
    {"$ref": "#/definitions/oic.r.sensor.threeaxis"}
  ],
  "required": ["orientation"]
}
