{
  "id": "http://openinterconnect.org/iotdatamodels/schemas/oic.r.light.rampTime.json#",
  "$schema": "http://json-schema.org/draft-04/schema#",
  "description" : "Copyright (c) 2016, 2017 Open Connectivity Foundation, Inc. All rights reserved.",
  "title": "Ramp Time",
  "definitions": {
    "oic.r.light.ramptime": {
      "type": "object",
      "properties": {
        "rampTime": {
          "type": "integer",
          "description": "Actual speed of changing between 2 dimming values"
        }
      }
    }
  },
  "type": "object",
  "allOf": [
    {"$ref": "oic.baseResource.json#/definitions/oic.r.baseresource"},
    {"$ref": "#/definitions/oic.r.light.ramptime"}
  ],
  "required": ["rampTime"]
}
