{
  "$schema": "http://json-schema.org/draft-04/schema#",
  "description" : "Copyright (c) 2016, 2017 Open Connectivity Foundation, Inc. All rights reserved.",
  "id": "http://openinterconnect.org/iotdatamodels/schemas/oic.r.mediaSource.json#",
  "title": "Media Source",
  "definitions": {
    "oic.r.mediasource": {
      "properties": {
        "sourceName": {
          "type": "string",
          "description": "Specifies a pre-defined media input or output"
        },
        "sourceNumber": {
          "type": [ "integer", "string" ],
          "readOnly": true,
          "description": "Numeric identifier to specify the instance"
        },
        "sourceType": {
          "type": "string",
          "enum": [ "audioOnly", "videoOnly", "audioPlusVideo" ],
          "readOnly": true,
          "description": "Specifies the type of the source"
        },
        "status": {
          "type": "boolean",
          "description": "Specifies if the specific source instance is selected or not"
        }
      }
    }
  },
  "type": "object",
  "allOf": [
    {"$ref": "oic.baseResource.json#/definitions/oic.r.baseresource"},
    {"$ref": "#/definitions/oic.r.mediasource"}
  ],
  "required": ["sourceName","status"]
}
