{
  "id": "http://openinterconnect.org/iotdatamodels/schemas/oic.r.sensor.atmosphericPressure.json#",
  "$schema": "http://json-schema.org/draft-04/schema#",
  "description" : "Copyright (c) 2016, 2017 Open Connectivity Foundation, Inc. All rights reserved.",
  "title": "Atmospheric Pressure Sensor",
  "definitions": {
    "oic.r.sensor.atmosphericpressure": {
      "properties": {
        "atmosphericPressure": {
          "type": "number",
          "readOnly": true,
          "description": "Current atmospheric pressure in hPa."
        }
      }
    }
  },
  "type": "object",
  "allOf": [
    {"$ref": "oic.baseResource.json#/definitions/oic.r.baseresource"},
    {"$ref": "#/definitions/oic.r.sensor.atmosphericpressure"}
  ],
  "required": ["atmosphericPressure"]
}
