{
  "id": "http://openinterconnect.org/iotdatamodels/schemas/oic.r.sensor.json#",
  "$schema": "http://json-schema.org/draft-04/schema#",
  "description" : "Copyright (c) 2016, 2017 Open Connectivity Foundation, Inc. All rights reserved.",
  "title": "Generic Sensor",
  "definitions": {
    "oic.r.sensor": {
      "type": "object",
      "properties": {
        "value": {
          "type": "boolean",
          "readOnly": true,
          "description": "true = sensed, false = not sensed."
        }
      }
    }
  },
  "type": "object",
  "allOf": [
    {"$ref": "oic.baseResource.json#/definitions/oic.r.baseresource"},
    {"$ref": "#/definitions/oic.r.sensor"}
  ]
}
