{
  "id": "http://openinterconnect.org/iotdatamodels/schemas/oic.r.sensor.illuminance.json#",
  "$schema": "http://json-schema.org/draft-04/schema#",
  "description" : "Copyright (c) 2016, 2017 Open Connectivity Foundation, Inc. All rights reserved.",
  "title": "Illuminance Sensor",
  "definitions": {
    "oic.r.sensor.illuminance": {
      "properties": {
        "illuminance": {
          "type": "number",
          "readOnly": true,
          "description": "Sensed luminous flux per unit area in lux."
        }
      }
    }
  },
  "type": "object",
  "allOf": [
    {"$ref": "oic.baseResource.json#/definitions/oic.r.baseresource"},
    {"$ref": "#/definitions/oic.r.sensor.illuminance"}
  ],
  "required": ["illuminance"]
}
