{
  "id": "http://openinterconnect.org/iotdatamodels/schemas/oic.r.foaming.json#",
  "$schema": "http://json-schema.org/draft-04/schema#",
  "description" : "Copyright (c) 2017 Open Connectivity Foundation, Inc. All rights reserved.",
  "title": "Foaming",
  "definitions": {
    "oic.r.foaming": {
      "type": "object",
      "properties": {
        "foamstrength" : {
          "type": "integer",
          "description": "The desired foaminess of the liquid."
        }
      }
    }
  },
  "type": "object",
  "allOf": [
    {"$ref": "oic.baseResource.json#/definitions/oic.r.baseresource"},
    {"$ref": "#/definitions/oic.r.foaming"}
  ],
  "required": [ "foamstrength" ]
}
