{
  "id": "http://openinterconnect.org/iotdatamodels/schemas/oic.r.energy-Update.json#",
  "$schema": "http://json-schema.org/draft-04/schema#",
  "description" : "Copyright (c) 2017 Open Connectivity Foundation, Inc. All rights reserved.",
  "title": "Electrical Energy",
  "definitions": {
    "oic.r.energy.electrical": {
      "type": "object",
      "anyOf": [
          {"required": ["desiredvoltage"]},
          {"required": ["desiredcurrent"]},
          {"required": ["desiredfrequency"]}
      ],
      "properties": {
        "desiredvoltage" : {
          "type": "number",
          "description": "The desired electric voltage in Volts (V)."
        },
        "desiredcurrent" : {
          "type": "number",
          "description": "The desired electric current in Amps (A)."
        },
        "desiredfrequency" : {
          "type": "number",
          "description": "The desired electric frequency in Hertz (Hz)."
        }
      }
    }
  },
  "type": "object",
  "allOf": [
    {"$ref": "oic.baseResource.json#/definitions/oic.r.baseresource"},
    {"$ref": "#/definitions/oic.r.energy.electrical"}
  ]
}