{
  "id": "http://openinterconnect.org/iotdatamodels/schemas/oic.r.lock.status.json#",
  "$schema": "http://json-schema.org/draft-04/schema#",
  "description" : "Copyright (c) 2016, 2017 Open Connectivity Foundation, Inc. All rights reserved.",
  "title": "Lock",
  "definitions": {
    "oic.r.lock.status": {
      "type": "object",
      "properties": {
        "lockState" : {
          "type": "string",
          "enum": ["Locked", "Unlocked"],
          "description": "State of the lock."
        }
      }
    }
  },
  "type": "object",
  "allOf": [
    {"$ref": "oic.baseResource.json#/definitions/oic.r.baseresource"},
    {"$ref": "#/definitions/oic.r.lock.status"}
  ],
  "required": ["lockState"]
}
