{
  "id": "http://openinterconnect.org/iotdatamodels/schemas/oic.r.light.brightness.json#",
  "$schema": "http://json-schema.org/draft-04/schema#",
  "description" : "Copyright (c) 2016, 2017 Open Connectivity Foundation, Inc. All rights reserved.",
  "title": "Brightness",
  "definitions": {
    "oic.r.light.brightness": {
      "type": "object",
      "properties": {
        "brightness": {
          "type": "integer",
          "description": "Quantized representation in the range 0-100 of the current sensed or set value for Brightness",
          "minimum": 0,
          "maximum": 100
        }
      }
    }
  },
  "type": "object",
  "allOf": [
    {"$ref": "oic.baseResource.json#/definitions/oic.r.baseresource"},
    {"$ref": "#/definitions/oic.r.light.brightness"}
  ],
  "required": [ "brightness" ]
}
