{
  "id": "http://openinterconnect.org/iotdatamodels/schemas/oic.r.temperature.json#",
  "$schema": "http://json-schema.org/draft-04/schema#",
  "description" : "Copyright (c) 2016, 2017 Open Connectivity Foundation, Inc. All rights reserved.",
  "title": "Temperature",
  "definitions": {
    "oic.r.temperature": {
      "type": "object",
      "properties": {
        "temperature":  {
          "type": "number",
          "description": "Current temperature setting or measurement"
        },
        "units":  {
          "type": "string",
          "enum": ["C","F","K"],
          "description": "Units for the temperature value",
          "readOnly": true
        }
      }
    }
  },
  "type": "object",
  "allOf": [
    {"$ref": "oic.baseResource.json#/definitions/oic.r.baseresource"},
    {"$ref": "#/definitions/oic.r.temperature"}
  ],
  "required": ["temperature"]
}
