{
  "id": "http://openinterconnect.org/iotdatamodels/schemas/oic.r.sensor.magneticFieldDirection.json#",
  "$schema": "http://json-schema.org/draft-04/schema#",
  "description" : "Copyright (c) 2016, 2017 Open Connectivity Foundation, Inc. All rights reserved.",
  "title": "Magnetic Field Direction Sensor",
  "definitions": {
    "oic.r.sensor.magneticfielddirection": {
      "properties": {
        "value": {
          "type": "array",
          "readOnly": true,
          "description": "Array containing Hx, Hy, Hz.",
          "minItems": 3,
          "maxItems": 3,
          "items": {
            "type": "number"
          }
        }
      }
    }
  },
  "type": "object",
  "allOf": [
    {"$ref": "oic.baseResource.json#/definitions/oic.r.baseresource"},
    {"$ref": "#/definitions/oic.r.sensor.magneticfielddirection"}
  ],
  "required": ["value"]
}
