{
  "id": "http://openinterconnect.org/iotdatamodels/schemas/oic.r.signalStrength.json#",
  "$schema": "http://json-schema.org/draft-04/schema#",
  "description" : "Copyright (c) 2016, 2017 Open Connectivity Foundation, Inc. All rights reserved.",
  "title": "Signal Strength",
  "definitions": {
    "oic.r.signalstrength": {
      "type": "object",
      "properties": {
        "lqi": {
          "type": "number",
          "readOnly": true,
          "description": "current value of Link Quality Indicator"
        },
        "rssi": {
          "type": "number",
          "readOnly": true,
          "description": "current value of Received Signal Strength Indicator"
        }
      }
    }
  },
  "type": "object",
  "allOf": [
    {"$ref": "oic.baseResource.json#/definitions/oic.r.baseresource"},
    {"$ref": "#/definitions/oic.r.signalstrength"}
  ],
  "required": ["lqi","rssi"]
}
