{
  "id": "http://openinterconnect.org/iotdatamodels/schemas/oic.r.openLevel.json#",
  "$schema": "http://json-schema.org/draft-04/schema#",
  "description" : "Copyright (c) 2016, 2017 Open Connectivity Foundation, Inc. All rights reserved.",
  "title": "Open Level",
  "definitions": {
    "oic.r.openlevel": {
      "type": "object",
      "properties": {
        "openLevel":      {
          "type": "integer",
          "description": "How open or ajar the entity is"
        },
        "increment":  {
          "type": "integer",
          "description": "Deprecated, use 'step' instead.",
          "readOnly": true
        }
      }
    }
  },
  "type": "object",
  "allOf": [
    {"$ref": "oic.baseResource.json#/definitions/oic.r.baseresource"},
    {"$ref": "#/definitions/oic.r.openlevel"}
  ],
  "required": ["openLevel"]
}
