{
  "id": "http://openinterconnect.org/schemas/oic.r.height.json#",
  "$schema": "http://json-schema.org/draft-04/schema#",
  "description": "Copyright (c) 2018 Open Connectivity Foundation, Inc. All rights reserved.",
  "title": "Height",
  "definitions": {
    "oic.r.height": {
      "type": "object",
      "properties": {
        "height": {
          "type": "number",
          "minimum": 0,
          "description": "Height of an object"
        },
        "units":  {
          "type": "string",
          "readOnly": true,
          "enum": ["m", "cm", "ft", "in"],
          "description": "Height unit"
        }
      }
    }
  },
  "type": "object",
  "allOf": [
    {"$ref": "oic.core.json#/definitions/oic.core"},
    {"$ref": "oic.baseResource.json#/definitions/oic.r.baseresource"},
    {"$ref": "#/definitions/oic.r.height"}
  ],
  "required": ["height"]
}
