{
  "id": "http://openinterconnect.org/iotdatamodels/schemas/oic.r.brewing.json#",
  "$schema": "http://json-schema.org/draft-04/schema#",
  "description" : "Copyright (c) 2017 Open Connectivity Foundation, Inc. All rights reserved.",
  "title": "Brewing",
  "definitions": {
    "oic.r.brewing": {
      "type": "object",
      "properties": {
        "amountrequested" : {
          "type": "integer",
          "description": "The amount requested in ml."
        },
        "strength" : {
          "type": "integer",
          "description": "The strength of a brewed drink."
        },
        "strengthrange": {
            "type": "array",
            "minItems": 2,
            "maxItems": 2,
            "readOnly": true,
            "items": {
                "type": "integer"
            }
        }
      }
    }
  },
  "type": "object",
  "allOf": [
    {"$ref": "oic.baseResource.json#/definitions/oic.r.baseresource"},
    {"$ref": "#/definitions/oic.r.brewing"}
  ],
  "required": [ "amountrequested" ]
}
