{
  "id": "http://openinterconnect.org/iotdatamodels/schemas/oic.r.grinder-Update.json#",
  "$schema": "http://json-schema.org/draft-04/schema#",
  "description" : "Copyright (c) 2017 Open Connectivity Foundation, Inc. All rights reserved.",
  "title": "Grinder",
  "definitions": {
    "oic.r.grinder": {
      "type": "object",
      "properties": {
        "coarseness" : {
          "type": "integer",
          "description": "The desired coarseness when grinding."
        }
      }
    }
  },
  "type": "object",
  "allOf": [
    {"$ref": "oic.baseResource.json#/definitions/oic.r.baseresource"},
    {"$ref": "#/definitions/oic.r.grinder"}
  ],
  "required": [ "coarseness" ]
}
