{
  "id": "http://openinterconnect.org/iotdatamodels/schemas/oic.r.colour.saturation.json#",
  "$schema": "http://json-schema.org/draft-04/schema#",
  "description" : "Copyright (c) 2016, 2017 Open Connectivity Foundation, Inc. All rights reserved.",
  "title": "Colour Saturation",
  "definitions": {
    "oic.r.colour.saturation": {
      "type": "object",
      "properties": {
        "colourSaturation": {
          "type": "integer",
          "description": "The colour saturation value",
          "minimum": 0,
          "maximum": 100
        }
      }
    }
  },
  "type": "object",
  "allOf": [
    {"$ref": "oic.core.json#/definitions/oic.core"},
    {"$ref": "oic.baseResource.json#/definitions/oic.r.baseresource"},
    {"$ref": "#/definitions/oic.r.colour.saturation"}
  ],
  "required": [ "colourSaturation" ]
}
