{
  "id": "http://openinterconnect.org/iotdatamodels/schemas/oic.r.body.location.json#",
  "$schema": "http://json-schema.org/draft-04/schema#",
  "description" : "Copyright (c) 2018 Open Connectivity Foundation, Inc. All rights reserved.",
  "title": "Body Location",
  "definitions": {
    "oic.r.body.location": {
      "type": "object",
      "properties": {
        "bloc": {
          "type": "string",
          "enum": ["axillary", "body", "ear", "finger", "gitract", "mouth", "rectum", "toe", "tympanum"],
          "readOnly": true,
          "description": "A list of all potential body locations"
        }
      }
    }
  },
  "type": "object",
  "allOf": [
    {"$ref": "oic.core.json#/definitions/oic.core"},
    {"$ref": "oic.baseResource.json#/definitions/oic.r.baseresource"},
    {"$ref": "#/definitions/oic.r.body.location"}
  ]
}
