{
  "id": "http://openinterconnect.org/iotdatamodels/schemas/oic.r.sensor.activity.count.json#",
  "$schema": "http://json-schema.org/draft-04/schema#",
  "description" : "Copyright (c) 2016, 2017 Open Connectivity Foundation, Inc. All rights reserved.",
  "title": "Activity Count Sensor",
  "definitions": {
    "oic.r.sensor.activity.count": {
      "properties": {
        "count": {
          "type": "integer",
          "description": "Current or Target count."
        }
      }
    }
  },
  "type": "object",
  "allOf": [
    {"$ref": "oic.baseResource.json#/definitions/oic.r.baseresource"},
    {"$ref": "#/definitions/oic.r.sensor.activity.count"}
  ],
  "required": ["count"]
}
