{
  "id": "http://openinterconnect.org/iotdatamodels/schemas/oic.r.sensor.acceleration.json#",
  "$schema": "http://json-schema.org/draft-04/schema#",
  "description" : "Copyright (c) 2016, 2017 Open Connectivity Foundation, Inc. All rights reserved.",
  "title": "Acceleration Sensor",
  "definitions": {
    "oic.r.sensor.acceleration": {
      "properties": {
        "acceleration": {
            "type": "number",
            "readOnly": true,
            "description": "sensed acceleration experienced in 'g'."
        }
      }
    }
  },
  "type": "object",
  "allOf": [
    {"$ref": "oic.baseResource.json#/definitions/oic.r.baseresource"},
    {"$ref": "#/definitions/oic.r.sensor.acceleration"}
  ],
  "required": ["acceleration"]
}
