{
  "id": "http://openinterconnect.org/schemas/oic.r.altimeter#",
  "$schema": "http://json-schema.org/draft-04/schema#",
  "description": "Copyright (c) 2016, 2017 Open Interconnect Consortium, Inc. All rights reserved.",
  "title": "Altimeter",
  "definitions": {
    "oic.r.altimeter": {
      "type": "object",
      "properties": {
        "alt": {
          "type": "number",
          "minimum": 0,
          "readOnly": true,
          "description": "The current height of the position (metres)"
        }
      }
    }
  },
  "type": "object",
  "allOf": [
    {"$ref": "oic.baseResource.json#/definitions/oic.r.baseresource"},
    {"$ref": "#/definitions/oic.r.altimeter"}
  ],
  "required": ["alt"]
}
