{
  "id": "http://openinterconnect.org/iotdatamodels/schemas/oic.r.liquid.level.json#",
  "$schema": "http://json-schema.org/draft-04/schema#",
  "description" : "Copyright (c) 2017 Open Connectivity Foundation, Inc. All rights reserved.",
  "title": "Liquid Level",
  "definitions": {
    "oic.r.liquid.level": {
      "type": "object",
      "properties": {
        "currentlevel" : {
          "type": "integer",
          "description": "The current level of the liquid in percentage.",
          "readOnly": true,
          "minimum": 0,
          "maximum": 100
        },
        "desiredlevel" : {
          "type": "integer",
          "description": "The desired level of the liquid in percentage.",
          "minimum": 0,
          "maximum": 100
        }
      }
    }
  },
  "type": "object",
  "allOf": [
    {"$ref": "oic.baseResource.json#/definitions/oic.r.baseresource"},
    {"$ref": "#/definitions/oic.r.liquid.level"}
  ],
  "required": [ "currentlevel" ]
}
