{
  "id": "http://openinterconnect.org/iotdatamodels/schemas/oic.r.batterymaterial.json#",
  "$schema": "http://json-schema.org/draft-04/schema#",
  "description" : "Copyright (c) 2017 Open Connectivity Foundation, Inc. All rights reserved.",
  "title": "BatteryMaterial",
  "definitions": {
    "oic.r.batterymaterial": {
      "type": "object",
      "properties": {
        "material" : {
          "type" : "string", 
          "enum": [
             "Alkaline",
             "Aluminium Air",
             "Aluminium Ion",
             "Atomic Betavoltaics",
             "Atomic Optoelectric Nuclear",
             "Atomic Nuclear",
             "Bunsen Cell",
             "Chromic Acid Cell",
             "Poggendorff Cell",
             "Clark Cell",
             "Daniell Cell",
             "Dry Cell",
             "Earth",
             "Flow",
             "Flow Vanadium Redox",
             "Flow Zinc Bromine",
             "Flow Zinc Cerium",
             "Frog",
             "Fuel",
             "Galvanic Cell",
             "Glass",
             "Grove Cell",
             "Lead Acid",
             "Lead Acid Deep Cycle",
             "Lead Acid VRLA",
             "Lead Acid AGM",
             "Lead Acid Gel",
             "Leclanche Cell",
             "Lemon Potato",
             "Lithium",
             "Lithium Air",
             "Lithium Ion",
             "Lithium Ion Cobalt Oxide (ICR)",
             "Lithium Ion Manganese Oxide (IMR)",
             "Lithium Ion Polymer",
             "Lithium Iron Phosphate",
             "Lithium Sulfur",
             "Lithium Titanate",
             "Lithium Ion Thin Film",
             "Magnesium",
             "Magnesium Ion",
             "Mercury",
             "Molten Salt",
             "Nickel Cadmium",
             "Nickel Cadmium Vented Cell",
             "Nickel Hydrogen",
             "Nickel Iron ",
             "Nickel Metal Hydride",
             "Nickel Metal Hydride Low Self-Discharge",
             "Nickel Oxyhydroxide",
             "Nickel Oxyride",
             "Nickel Zinc",
             "Organic Radical",
             "Paper",
             "Polymer Based",
             "Polysulfide Bromide",
             "Potassium Ion",
             "Pulvermachers Chain",
             "Silicon Air",
             "Silver Calcium",
             "Silver Oxide",
             "Silver Zinc",
             "Sodium Ion",
             "Sodium Sulfur",
             "Solid State",
             "Sugar",
             "Super Iron",
             "UltraBattery",
             "Voltaic Pile",
             "Voltaic Pile Penny",
             "Voltaic Pile Trough",
             "Water Activated",
             "Weston Cell",
             "Zinc Air",
             "Zinc Carbon",
             "Zinc Chloride",
             "Zinc Ion",
             "Unknown"
            ],
            "description": "Battery construction material (type).",
            "readOnly": true
        }
      }
    }
  },
  "type": "object",
  "allOf": [
    {"$ref": "oic.baseResource.json#/definitions/oic.r.baseresource"},
    {"$ref": "#/definitions/oic.r.batterymaterial"}
  ],
  "required": [ "material" ]
}