{
  "id": "http://openinterconnect.org/iotdatamodels/schemas/oic.r.sensor.heart.zone.json#",
  "$schema": "http://json-schema.org/draft-04/schema#",
  "description" : "Copyright (c) 2016, 2017 Open Connectivity Foundation, Inc. All rights reserved.",
  "title": "Heart Rate Zone",
  "definitions": {
    "oic.r.sensor.heart.zone": {
      "properties": {
        "heartRateZone": {
            "type": "string",
            "enum": ["Zone1","Zone2","Zone3", "Zone4", "Zone5"],
            "readOnly": true,
            "description": "Current heart rate zone based on the Zoladz system."
        }
      }
    }
  },
  "type": "object",
  "allOf": [
    {"$ref": "oic.baseResource.json#/definitions/oic.r.baseresource"},
    {"$ref": "#/definitions/oic.r.sensor.heart.zone"}
  ],
  "required": ["heartRateZone"]
}
