{
  "id": "http://openinterconnect.org/iotdatamodels/schemas/oic.r.ptz.json#",
  "$schema": "http://json-schema.org/draft-04/schema#",
  "description" : "Copyright (c) 2016, 2017 Open Connectivity Foundation, Inc. All rights reserved.",
  "title": "Pan Tilt Zoom",
  "definitions": {
    "oic.r.ptz": {
      "type": "object",
      "properties": {
        "pan":  {
          "type": "number",
          "description": "horizontal pan in degrees"
        },
        "tilt":   {
          "type": "number",
          "description": "vertical tilt in degrees"
        },
        "pan_range":  {
          "type": "array",
          "readOnly": true,
          "description": "Min and Max values for the pan setting",
          "minItems": 2,
          "maxItems": 2,
          "items": {
            "type": "number"
          }
        },
        "tilt_range":  {
          "type": "array",
          "readOnly": true,
          "description": "Min and Max values for the tilt setting",
          "minItems": 2,
          "maxItems": 2,
          "items": {
            "type": "number"
          }
        },
        "zoomFactor": {
          "type": "string",
          "description": "The Zoomfactor value"
        },
        "zoomFactorRange": {
          "type": "string",
          "enum": ["linear", "1x", "2x", "4x", "8x", "16x", "32x"],
          "readOnly": true,
          "description": "allowed Zoom Factor values. Linear equates to a 1-100 min/max."
        }
      }
    }
  },
  "type": "object",
  "allOf": [
    {"$ref": "oic.baseResource.json#/definitions/oic.r.baseresource"},
    {"$ref": "#/definitions/oic.r.ptz"}
  ],
  "required": ["pan","tilt","zoomFactor"]
}
