{
  "id": "http://openinterconnect.org/iotdatamodels/schemas/oic.r.mode.json#",
  "$schema": "http://json-schema.org/draft-04/schema#",
  "description" : "Copyright (c) 2016, 2017 Open Connectivity Foundation, Inc. All rights reserved.",
  "title": "Mode",
  "definitions": {
    "oic.r.mode": {
      "type": "object",
      "properties": {
        "supportedModes": {
          "type": "array",
          "readOnly": true,
          "description": "Array of possible modes the device supports.",
          "items": {
            "type": "string"
          }
        },
        "modes":          {
          "type": "array",
          "description": "Array of the currently active mode(s)",
          "items": {
            "type": "string"
          }
        }
      }
    }
  },
  "type": "object",
  "allOf": [
    {"$ref": "oic.baseResource.json#/definitions/oic.r.baseresource"},
    {"$ref": "#/definitions/oic.r.mode"}
  ],
  "required": ["supportedModes", "modes"]
}
