{
  "id": "http://openinterconnect.org/iotdatamodels/schemas/oic.r.airFlowControl.json#",
  "$schema": "http://json-schema.org/draft-04/schema#",
  "description" : "Copyright (c) 2016, 2017 Open Connectivity Foundation, Inc. All rights reserved.",
  "title": "Air Flow Control",
  "definitions": {
    "oic.r.airflowcontrol": {
      "type": "object",
      "properties": {
        "airFlowControl": {
          "type": "array",
          "minItems": 2,
          "maxItems": 2,
          "items": {
            "$ref": "oic.oic-link-schema.json#/definitions/oic.oic-link"
          }
        }
      }
    }
  },
  "type": "object",
  "allOf": [
    {"$ref": "oic.baseResource.json#/definitions/oic.r.baseresource"},
    {"$ref": "#/definitions/oic.r.airflowcontrol"}
  ],
  "required": ["airFlowControl"]
}
