{
  "id": "http://openinterconnect.org/iotdatamodels/schemas/oic.r.time.period.json#",
  "$schema": "http://json-schema.org/draft-04/schema#",
  "description" : "Copyright (c) 2016, 2017 Open Connectivity Foundation, Inc. All rights reserved.",
  "title": "Time Period",
  "definitions": {
    "oic.r.time.period": {
      "type": "object",
      "properties": {
        "startTime":{
          "type": "string",
          "description": "Start time for the time period"
        },
        "stopTime": {
          "type": "string",
          "description": "Stop time for the time period, if present interval cannot be present"
        },
        "interval": {
          "type": "integer",
          "description": "Time interval in minutes after the startTime, if present stopTime cannot be present"
        }
      },
      "required": ["startTime"]
    }
  },
  "type": "object",
  "allOf": [
    {"$ref": "oic.baseResource.json#/definitions/oic.r.baseresource"},
    {"$ref": "#/definitions/oic.r.time.period"}
  ]
}
