{
  "id": "http://openinterconnect.org/iotdatamodels/schemas/oic.r.ecomode-Update#",
  "$schema": "http://json-schema.org/draft-04/schema#",
  "description" : "Copyright (c) 2016, 2017 Open Connectivity Foundation, Inc. All rights reserved.",
  "title": "Eco Mode",
  "definitions": {
    "oic.r.ecomode": {
      "type": "object",
      "allOf": [
          {
              "$ref":"oic.r.mode-update.json#/definitions/oic.r.mode"
          }
        ]
    }
  },
  "type": "object",
  "allOf": [
    {"$ref": "oic.baseResource.json#/definitions/oic.r.baseresource"},
    {"$ref": "#/definitions/oic.r.ecomode"}
  ],
  "required": ["modes"]
}
