{
  "id": "http://openinterconnect.org/iotdatamodels/schemas/oic.r.autofocus.json#",
  "$schema": "http://json-schema.org/draft-04/schema#",
  "description" : "Copyright (c) 2016, 2017 Open Connectivity Foundation, Inc. All rights reserved.",
  "title": "Auto Focus",
  "definitions": {
    "oic.r.autofocus": {
      "type": "object",
      "properties": {
        "autoFocus": {
          "type": "boolean",
          "description": "Status of the Auto Focus"
        }
      }
    }
  },
  "type": "object",
  "allOf": [
    {"$ref": "oic.baseResource.json#/definitions/oic.r.baseresource"},
    {"$ref": "#/definitions/oic.r.autofocus"}
  ],
  "required": [ "autoFocus" ]
}
