{
  "id": "http://openinterconnect.org/iotdatamodels/schemas/oic.r.switch.binary.json#",
  "$schema": "http://json-schema.org/draft-04/schema#",
  "description" : "Copyright (c) 2016, 2017 Open Connectivity Foundation, Inc. All rights reserved.",
  "title": "Binary Switch",
  "definitions": {
    "oic.r.switch.binary": {
      "type": "object",
      "properties": {
        "value": {
          "type": "boolean",
          "description": "Status of the switch"
        }
      }
    }
  },
  "type": "object",
  "allOf": [
    {"$ref": "oic.baseResource.json#/definitions/oic.r.baseresource"},
    {"$ref": "#/definitions/oic.r.switch.binary"}
  ],
  "required": [ "value" ]
}
