{
  "id": "http://openinterconnect.org/iotdatamodels/schemas/oic.r.movement.linear.json#",
  "$schema": "http://json-schema.org/draft-04/schema#",
  "description" : "Copyright (c) 2016, 2017 Open Connectivity Foundation, Inc. All rights reserved.",
  "title": "Linear Movement",
  "definitions": {
    "oic.r.movement.linear": {
      "type": "object",
      "properties": {
        "movementSettings":  {
          "type": "array",
          "readOnly": true,
          "description": "array of possible movement values",
          "items": {
            "type": "string"
          }
        },
        "movement":   {
          "type": "string",
          "description": "Current movement value"
        },
        "movementModifier":  {
          "type": "string",
          "description": "Modifier to the movement value (e.g. spin-90, left-20), units are device dependent"
        }
      }
    }
  },
  "type": "object",
  "allOf": [
    {"$ref": "oic.baseResource.json#/definitions/oic.r.baseresource"},
    {"$ref": "#/definitions/oic.r.movement.linear"}
  ],
  "required": ["movementSettings", "movement"]
}
