{
  "id": "http://openinterconnect.org/iotdatamodels/schemas/oic.r.airFlow.json#",
  "$schema": "http://json-schema.org/draft-04/schema#",
  "description" : "Copyright (c) 2016, 2017 Open Connectivity Foundation, Inc. All rights reserved.",
  "title": "Air Flow",
  "definitions": {
    "oic.r.airflow": {
      "type": "object",
      "properties": {
        "supporteddirections": {
            "type": "array",
            "description": "Array of possible direction settings for this instance of the Resource Type",
            "readOnly": true,
            "items": {
                "type": "string",
                "minItems": 1,
                "uniqueItems": true
            }
        },
        "direction": {
          "type": "string",
          "description": "Directionality of the air flow"
        },
        "speed": {
          "type": "integer",
          "description": "Current speed level"
        },
        "automode": {
          "type": "string",
          "enum": ["On", "Off"],
          "description": "Status of the automode feature, if on speed is set by the device"
        }
      }
    }
  },
  "type": "object",
  "allOf": [
    {"$ref": "oic.baseResource.json#/definitions/oic.r.baseresource"},
    {"$ref": "#/definitions/oic.r.airflow"}
  ],
  "required": ["speed"]
}
