{
  "id": "http://openinterconnect.org/iotdatamodels/schemas/oic.r.operational.state.json#",
  "$schema": "http://json-schema.org/draft-04/schema#",
  "description" : "Copyright (c) 2016, 2017 Open Connectivity Foundation, Inc. All rights reserved.",
  "title": "Operational State",
  "definitions": {
    "oic.r.operational.state": {
      "type": "object",
      "properties": {
        "machineStates":        {
          "type": "array",
          "readOnly": true,
          "description": "array of the possible operational states.",
          "items": {
            "type": "string"
          }
        },
        "currentMachineState":  {
          "type": "string",
          "description": "Current state of operation of the device."
        },
        "jobStates":            {
          "type": "array",
          "readOnly": true,
          "description": "array of the possible job states.",
          "items": {
            "type": "string"
          }
        },
        "currentJobState":      {
          "type": "string",
          "description": "Currently active jobState"
        },
        "runningTime":          {
          "type": "string",
          "readOnly": true,
          "description": "Elapsed time in the current operational state"
        },
        "remainingTime":        {
          "type": "string",
          "readOnly": true,
          "description": "Time till completion of the current operational state"
        },
        "progressPercentage":   {
          "type": "integer",
          "readOnly": true,
          "description": "Percentage completeness of the current jobState",
          "minimum": 0,
          "maximum": 100
        }
      }
    }
  },
  "type": "object",
  "allOf": [
    {"$ref": "oic.baseResource.json#/definitions/oic.r.baseresource"},
    {"$ref": "#/definitions/oic.r.operational.state"}
  ],
  "required": ["machineStates", "currentMachineState"]
}
