{
  "id": "http://openinterconnect.org/iotdatamodels/schemas/oic.r.refrigeration-Update.json#",
  "$schema": "http://json-schema.org/draft-04/schema#",
  "description" : "Copyright (c) 2016, 2017 Open Connectivity Foundation, Inc. All rights reserved.",
  "title": "Refrigeration",
  "definitions": {
    "oic.r.refrigeration": {
      "type": "object",
      "anyOf": [
        {"required": ["rapidFreeze"]},
        {"required": ["rapidCool"]},
        {"required": ["defrost"]}
      ],
      "properties": {
        "rapidFreeze":  {
          "type": "boolean",
          "description": "Indicates whether the unit has a rapid freeze capability active."
        },
        "rapidCool":    {
          "type": "boolean",
          "description": "Indicates whether the unit has a rapid cool capability active"
        },
        "defrost":      {
          "type": "boolean",
          "description": "Indicates whether a defrost cycle is currently active"
        }
      }
    }
  },
  "type": "object",
  "allOf": [
    {"$ref": "oic.baseResource.json#/definitions/oic.r.baseresource"},
    {"$ref": "#/definitions/oic.r.refrigeration"}
  ]
}
