{
  "id": "http://openinterconnect.org/iotdatamodels/schemas/oic.r.lock.code.json#",
  "$schema": "http://json-schema.org/draft-04/schema#",
  "description" : "Copyright (c) 2016, 2017 Open Connectivity Foundation, Inc. All rights reserved.",
  "title": "Lock Code",
  "definitions": {
    "oic.r.lock.code": {
      "type": "object",
      "properties": {
        "lockCodeList" : {
          "type": "array",
          "items": {
            "type": "string",
            "description": "Value for the lock code"
          }
        }
      }
    }
  },
  "type": "object",
  "allOf": [
    {"$ref": "oic.baseResource.json#/definitions/oic.r.baseresource"},
    {"$ref": "#/definitions/oic.r.lock.code"}
  ],
  "required": ["lockCodeList"]
}
