{
  "id": "http://openinterconnect.org/iotdatamodels/schemas/oic.r.light.dimming.json#",
  "$schema": "http://json-schema.org/draft-04/schema#",
  "description" : "Copyright (c) 2016, 2017 Open Connectivity Foundation, Inc. All rights reserved.",
  "title": "Dimming",
  "definitions": {
    "oic.r.light.dimming": {
      "type": "object",
      "properties": {
        "dimmingSetting":  {
          "type": "integer",
          "description": "Current dimming value"
        }
      }
    }
  },
  "type": "object",
  "allOf": [
    {"$ref": "oic.baseResource.json#/definitions/oic.r.baseresource"},
    {"$ref": "#/definitions/oic.r.light.dimming"}
  ],
  "required": ["dimmingSetting"]
}
