{
  "id": "http://openinterconnect.org/iotdatamodels/schemas/oic.r.audio.json#",
  "$schema": "http://json-schema.org/draft-04/schema#",
  "description" : "Copyright (c) 2016, 2017 Open Connectivity Foundation, Inc. All rights reserved.",
  "definitions": {
    "oic.r.audio": {
      "type": "object",
      "properties": {
        "volume":   {
          "type": "integer",
          "description": "Volume setting of an audio rendering device.",
          "minimum": 0,
          "maximum": 100
        },
        "mute":    {
          "type": "boolean",
          "description": "Mute setting of an audio rendering device"
        }
      }
    }
  },
  "type": "object",
  "allOf": [
    {"$ref": "oic.baseResource.json#/definitions/oic.r.baseresource"},
    {"$ref": "#/definitions/oic.r.audio"}
  ],
  "required": ["volume","mute"]
}
