{
  "id": "http://openinterconnect.org/iotdatamodels/schemas/oic.r.body.ffm.json#",
  "$schema": "http://json-schema.org/draft-04/schema#",
  "description" : "Copyright (c) 2018 Open Connectivity Foundation, Inc. All rights reserved.",
  "title": "Body Fat Free Mass",
  "definitions": {
    "oic.r.body.ffm": {
      "type": "object",
      "properties": {
        "ffm":    {
          "type": "number",
          "minimum": 0,
          "readOnly": true,
          "description": "Body fat free mass."
        },
        "units": {
          "type": "string",
          "readOnly": true,
          "enum": ["kg", "lb", "%"],
          "description": "Body fat free mass units"
        }
      }
    }
  },
  "type": "object",
  "allOf": [
    {"$ref": "oic.core.json#/definitions/oic.core"},
    {"$ref": "oic.baseResource.json#/definitions/oic.r.baseresource"},
    {"$ref": "#/definitions/oic.r.body.ffm"}
  ],
  "required": ["ffm"]
}
