{
  "id": "http://openinterconnect.org/schemas/oic.r.weight.json#",
  "$schema": "http://json-schema.org/draft-04/schema#",
  "description": "Copyright (c) 2018 Open Connectivity Foundation, Inc. All rights reserved.",
  "title": "Weight",
  "definitions": {
    "oic.r.weight": {
      "type": "object",
      "properties": {
        "weight": {
          "type": "number",
          "minimum": 0,
          "readOnly": true,
          "description": "Weight of an object"
        },
        "units": {
          "type": "string",
          "readOnly": true,
          "enum": ["kg", "g", "lb", "oz"],
          "description": "Weight unit"
        }
      }
    }
  },
  "type": "object",
  "allOf": [
    {"$ref": "oic.core.json#/definitions/oic.core"},
    {"$ref": "oic.baseResource.json#/definitions/oic.r.baseresource"},
    {"$ref": "#/definitions/oic.r.weight"}
  ],
  "required": ["weight", "units"]
}
