{
  "id": "http://openinterconnect.org/iotdatamodels/schemas/oic.r.colour.autowhitebalance.json#",
  "$schema": "http://json-schema.org/draft-04/schema#",
  "description" : "Copyright (c) 2016, 2017 Open Connectivity Foundation, Inc. All rights reserved.",
  "title": "Auto White Balance",
  "definitions": {
    "oic.r.colour.autowhitebalance": {
      "type": "object",
      "properties": {
        "autoWhiteBalance": {
          "type": "boolean",
          "description": "Status of the Auto White balance"
        }
      }
    }
  },
  "type": "object",
  "allOf": [
    {"$ref": "oic.baseResource.json#/definitions/oic.r.baseresource"},
    {"$ref": "#/definitions/oic.r.colour.autowhitebalance"}
  ],
  "required": [ "autoWhiteBalance" ]
}
