{
  "id": "http://openinterconnect.org/iotdatamodels/schemas/oic.basecorecomposite.json#",
  "$schema": "http://json-schema.org/draft-04/schema#",
  "description" : "Copyright (c) 2016 Open Connectivity Foundation, Inc. All rights reserved.",
  "title": "Base and Core Composite Resource",
  "definitions": {
    "oic.core": {
      "properties": {
        "rt": {
          "type": "array",
          "description": "ReadOnly, Resource Type",
          "items" : [
            {
              "type" : "string",
              "maxLength": 64
            }
          ],
          "minItems" : 1
        },
        "if": {
          "type" : "array",
          "description": "ReadOnly, The interface set supported by this resource",
          "items": {
            "type": "string",
            "enum" : ["oic.if.baseline", "oic.if.ll", "oic.if.b", "oic.if.lb", "oic.if.rw", "oic.if.r", "oic.if.a", "oic.if.s" ]
          }
        },
        "n": {
          "type": "string",
          "description": "ReadOnly, Friendly name of the resource"
        },
        "id": {
          "type": "string",
          "description": "ReadOnly, Instance ID of this specific resource"
        }
      }
    },
    "oic.r.baseresource": {
      "properties": {
        "value": {
          "description": "The value sensed or actuated by this Resource",
          "anyOf": [
            {"type": "array"},
            {"type": "string"},
            {"type": "boolean"},
            {"type": "integer"},
            {"type": "number"},
            {"type": "object"}
          ]
        },
        "precision":  {
          "type": "number",
          "readOnly": true,
          "description": "Accuracy granularity of the exposed value"
        },
        "range": {
          "type": "array",
          "description": "The valid range for the value Property",
          "readOnly": true,
          "minItems": 2,
          "maxItems": 2,
          "items": {
            "anyOf": [
              {"type": "number"},
              {"type": "integer"}
            ]
          }
        },
        "step": {
          "description": "Step value across the defined range",
          "readOnly": true,
          "anyOf": [
            {"type": "integer"},
            {"type": "number"}
          ]
        }
      }
    }
  },
  "type": "object",
  "allOf": [
    {"$ref": "#/definitions/oic.core"},
    {"$ref": "#/definitions/oic.r.baseresource"}
  ]
}
