{
  "id": "http://openinterconnect.org/iotdatamodels/schemas/oic.r.door-Update.json#",
  "$schema": "http://json-schema.org/draft-04/schema#",
  "description" : "Copyright (c) 2016, 2017 Open Connectivity Foundation, Inc. All rights reserved.",
  "title": "Door",
  "definitions": {
    "oic.r.door": {
      "type": "object",
      "properties": {
        "openAlarm": {
          "type": "boolean",
          "description": "The state of the door open alarm"
        }
      }
    }
  },
  "type": "object",
  "allOf": [
    {"$ref": "oic.baseResource.json#/definitions/oic.r.baseresource"},
    {"$ref": "#/definitions/oic.r.door"}
  ]
}
