{
  "id": "http://openinterconnect.org/iotdatamodels/schemas/oic.r.speech.tts.json#",
  "$schema": "http://json-schema.org/draft-04/schema#",
  "description" : "Copyright (c) 2016, 2017 Open Connectivity Foundation, Inc. All rights reserved.",
  "title": "Speech Synthesis-TTS",
  "definitions": {
    "oic.r.speech.tts": {
      "type": "object",
      "properties": {
        "utterance": {
          "type": "string",
          "description": "SSML document including the speech body"
        },
        "supportedLanguages": {
          "type": "array",
          "readOnly": true,
          "description": "array of supported language tags",
          "items": {
            "type": "string"
          }
        },
        "supportedVoices": {
          "type": "string",
          "readOnly": true,
          "description": "SSML document fragment indicating supported voices"
        }
      }
    }
  },
  "type": "object",
  "allOf": [
    {"$ref": "oic.baseResource.json#/definitions/oic.r.baseresource"},
    {"$ref": "#/definitions/oic.r.speech.tts"}
  ],
  "required": ["utterance"]
}
