{
  "id": "http://openinterconnect.org/iotdatamodels/schemas/oic.r.media.json#",
  "$schema": "http://json-schema.org/draft-04/schema#",
  "description" : "Copyright (c) 2016, 2017 Open Connectivity Foundation, Inc. All rights reserved.",
  "title": "Media",
  "definitions": {
    "oic.r.media": {
      "properties": {
        "media": {
          "type": "array",
          "items": {
            "type": "object",
            "properties": {
              "url": {
                "type": "string",
                "description": "url for the media instance"
              },
              "sdp": {
                "type": "array",
                "description": "Array of strings, one per SDP line",
                "items": {
                  "type": "string",
                  "description": "SDP media or attribute line"
                }
              }
            }
          }
        }
      }
    }
  },
  "type": "object",
  "allOf": [
    {"$ref": "oic.baseResource.json#/definitions/oic.r.baseresource"},
    {"$ref": "#/definitions/oic.r.media"}
  ],
  "required": ["media"]
}
