{
  "id": "http://openinterconnect.org/iotdatamodels/schemas/oic.r.airFlowControl-Batch.json#",
  "$schema": "http://json-schema.org/draft-04/schema#",
  "description" : "Copyright (c) 2016, 2017 Open Connectivity Foundation, Inc. All rights reserved.",
  "title": "Air Flow Control",
  "definitions": {
    "oic.r.airflowcontrol": {
      "type": "object",
      "properties": {
        "airFlowControl": {
          "type": "array",
          "items": {
            "anyOf": [
              {"$ref": "oic.r.switch.binary.json#/definitions/oic.r.switch.binary"},
              {"$ref": "oic.r.airFlow.json#/definitions/oic.r.airflow"}
            ]
          }
        }
      }
    }
  },
  "type": "object",
  "allOf": [
    {"$ref": "oic.baseResource.json#/definitions/oic.r.baseresource"},
    {"$ref": "#/definitions/oic.r.airflowcontrol"}
  ],
  "required": ["airFlowControl"]
}
