{
  "id": "http://openinterconnect.org/iotdatamodels/schemas/oic.r.selectablelevels.json#",
  "$schema": "http://json-schema.org/draft-04/schema#",
  "description" : "Copyright (c) 2016, 2017 Open Connectivity Foundation, Inc. All rights reserved.",
  "title": "SelectableLevels",
  "definitions": {
    "oic.r.selectablelevels": {
      "type": "object",
      "properties": {
        "targetlevel": {
          "type": ["integer","number"],
          "description": "The target level from the available selectable set"
        }
      }
    }
  },
  "type": "object",
  "allOf": [
    {"$ref": "oic.baseResource.json#/definitions/oic.r.baseresource"},
    {"$ref": "#/definitions/oic.r.selectablelevels"}
  ],
  "required": ["targetlevel"]
}
