{
  "$schema": "http://json-schema.org/draft-04/schema#",
  "description" : "Copyright (c) 2016, 2017 Open Connectivity Foundation, Inc. All rights reserved.",
  "id": "http://openinterconnect.org/iotdatamodels/schemas/oic.r.mediaSourceList.json#",
  "title": "Media Source List",
  "definitions": {
    "oic.r.mediasourcelist": {
      "properties": {
        "sources": {
          "type": "array",
          "items": {
            "oneOf": [
              { "$ref": "oic.r.mediaSource.json#/definitions/oic.r.mediasource" }
            ]
          }
        }
      }
    }
  },
  "type": "object",
  "allOf": [
    { "$ref": "oic.baseResource.json#/definitions/oic.r.baseresource"},
    { "$ref": "#/definitions/oic.r.mediasourcelist"}
  ],
  "required": ["sources"]
}
