{
  "id": "http://openinterconnect.org/iotdatamodels/schemas/oic.r.automaticDocumentFeeder.json#",
  "$schema": "http://json-schema.org/draft-04/schema#",
  "description" : "Copyright (c) 2016, 2017 Open Connectivity Foundation, Inc. All rights reserved.",
  "title": "Automatic Document Feeder",
  "definitions": {
    "oic.r.automaticdocumentfeeder": {
      "type": "object",
      "properties": {
        "adfStates": {
          "type": "array",
          "readOnly": true,
          "description": "array of the possible adf states.",
          "items": {
            "type": "string"
          }
        },
        "currentAdfState": {
          "type": "string",
          "readOnly": true,
          "description": "Current adf state."
        }
      }
    }
  },
  "type": "object",
  "allOf": [
    {"$ref": "oic.baseResource.json#/definitions/oic.r.baseresource"},
    {"$ref": "#/definitions/oic.r.automaticdocumentfeeder"}
  ],
  "required": ["adfStates", "currentAdfState"]
}
