{
  "id": "http://openinterconnect.org/iotdatamodels/schemas/oic.r.colour.csc.json#",
  "$schema": "http://json-schema.org/draft-04/schema#",
  "description" : "Copyright (c) 2017 Open Connectivity Foundation, Inc. All rights reserved.",
  "title": "Colour Space Coordinates",
  "definitions": {
    "oic.r.colour.csc": {
      "type": "object",
      "properties": {
        "csc": {
          "type": "array",
          "description": "X and Y coordinates of the colour in CIE colour space",
          "minItems": 2,
          "maxItems": 2,
          "items": {
            "type": "number",
            "minimum": 0,
            "maximum": 1
          }
        }
      }
    }
  },
  "type": "object",
  "allOf": [
    {"$ref": "oic.baseResource.json#/definitions/oic.r.baseresource"},
    {"$ref": "#/definitions/oic.r.colour.csc"}
  ],
  "required": [ "csc" ]

}
