{
  "id": "http://openinterconnect.org/iotdatamodels/schemas/oic.r.nightMode.json#",
  "$schema": "http://json-schema.org/draft-04/schema#",
  "description" : "Copyright (c) 2016, 2017 Open Connectivity Foundation, Inc. All rights reserved.",
  "title": "Night Mode",
  "definitions": {
    "oic.r.nightmode": {
      "type": "object",
      "properties": {
        "nightMode": {
          "type": "boolean",
          "description": "Status of the Night Mode"
        }
      }
    }
  },
  "type": "object",
  "allOf": [
    {"$ref": "oic.baseResource.json#/definitions/oic.r.baseresource"},
    {"$ref": "#/definitions/oic.r.nightmode"}
  ],
  "required": [ "nightMode" ]
}
