{
  "id": "http://openinterconnect.org/iotdatamodels/schemas/oic.r.energy.consumption.json#",
  "$schema": "http://json-schema.org/draft-04/schema#",
  "description" : "Copyright (c) 2016, 2017 Open Connectivity Foundation, Inc. All rights reserved.",
  "title": "Energy Consumption",
  "definitions": {
    "oic.r.energy.consumption": {
      "type": "object",
      "properties": {
        "power":    {
          "type": "number",
          "readOnly": true,
          "description": "Instantaneous Power"
        },
        "energy":   {
          "type": "number",
          "readOnly": true,
          "description": "Energy consumed"}
      }
    }
  },
  "type": "object",
  "allOf": [
    {"$ref": "oic.baseResource.json#/definitions/oic.r.baseresource"},
    {"$ref": "#/definitions/oic.r.energy.consumption"}
  ],
  "required": ["power", "energy"]
}
