{
  "id": "http://openinterconnect.org/iotdatamodels/schemas/oic.r.temperature-Error.json#",
  "$schema": "http://json-schema.org/draft-04/schema#",
  "description" : "Copyright (c) 2016, 2017 Open Connectivity Foundation, Inc. All rights reserved.",
  "title": "Temperature",
  "definitions": {
    "oic.r.temperature": {
      "type": "object",
      "properties": {
        "units":  {
          "oneOf": [
            {
              "enum": ["C","F","K"],
              "description": "ReadOnly, Units for the temperature value"
            },
            {
              "type": "array",
              "items": {
                "enum": ["C","F","K"]
              }
            }
          ]
        },
        "range":  {
          "type": "string",
          "description": "ReadOnly, Comma separated min,max values for this temperature on this device"
        }
      }
    }
  },
  "type": "object",
  "allOf": [
    {"$ref": "oic.baseResource.json#/definitions/oic.r.baseresource"},
    {"$ref": "#/definitions/oic.r.temperature"}
  ]
}
