{
  "id": "http://openinterconnect.org/iotdatamodels/schemas/oic.r.button.json#",
  "$schema": "http://json-schema.org/draft-04/schema#",
  "description" : "Copyright (c) 2016, 2017 Open Connectivity Foundation, Inc. All rights reserved.",
  "title": "Button Switch",
  "definitions": {
    "oic.r.button": {
      "properties": {
        "value": {
          "type": "boolean",
          "readOnly": true,
          "description": "Status of the button"
        }
      }
    }
  },
  "type": "object",
  "allOf": [
    {"$ref": "oic.baseResource.json#/definitions/oic.r.baseresource"},
    {"$ref": "#/definitions/oic.r.button"}
  ],
  "required": ["value"]
}
