{
  "id": "http://openinterconnect.org/iotdatamodels/schemas/oic.r.sensor.radiation.uv.json#",
  "$schema": "http://json-schema.org/draft-04/schema#",
  "description" : "Copyright (c) 2016, 2017 Open Connectivity Foundation, Inc. All rights reserved.",
  "title": "UV Radiation",
  "definitions": {
    "oic.r.sensor.radiation.uv": {
      "type": "object",
      "properties": {
        "measurement":   {
          "type": "number",
          "readOnly": true,
          "description": "The measured UV Index"
        }
      }
    }
  },
  "type": "object",
  "allOf": [
    {"$ref": "oic.baseResource.json#/definitions/oic.r.baseresource"},
    {"$ref": "#/definitions/oic.r.sensor.radiation.uv"}
  ],
  "required": ["measurement"]
}
