{
  "id": "http://openinterconnect.org/iotdatamodels/schemas/oic.r.body.fat.json#",
  "$schema": "http://json-schema.org/draft-04/schema#",
  "description" : "Copyright (c) 2018 Open Connectivity Foundation, Inc. All rights reserved.",
  "title": "Body Fat",
  "definitions": {
    "oic.r.body.fat": {
      "type": "object",
      "properties": {
        "bodyfat":    {
          "type": "number",
          "minimum": 0,
          "readOnly": true,
          "description": "Body fat."
        },
        "units": {
          "type": "string",
          "readOnly": true,
          "enum": ["kg", "lb", "%"],
          "description": "Body fat units"
        }
      }
    }
  },
  "type": "object",
  "allOf": [
    {"$ref": "oic.core.json#/definitions/oic.core"},
    {"$ref": "oic.baseResource.json#/definitions/oic.r.baseresource"},
    {"$ref": "#/definitions/oic.r.body.fat"}
  ],
  "required": ["bodyfat"]
}
