{
  "id": "http://openinterconnect.org/iotdatamodels/schemas/oic.r.energy.json#",
  "$schema": "http://json-schema.org/draft-04/schema#",
  "description" : "Copyright (c) 2017 Open Connectivity Foundation, Inc. All rights reserved.",
  "title": "Electrical Energy",
  "definitions": {
    "oic.r.energy.electrical": {
      "type": "object",
      "properties": {
        "voltage" : {
          "type": "number",
          "readOnly": true,
          "description": "The electric voltage in Volts (V)."
        },
        "desiredvoltage" : {
          "type": "number",
          "description": "The desired electric voltage in Volts (V)."
        },
        "current" : {
          "type": "number",
          "readOnly": true,
          "description": "The electric current in Amps (A)."
        },
        "desiredcurrent" : {
          "type": "number",
          "description": "The desired electric current in Amps (A)."
        },
        "frequency" : {
          "type": "number",
          "readOnly": true,
          "description": "The electric frequency in Hertz (Hz)."
        },
        "desiredfrequency" : {
          "type": "number",
          "description": "The desired electric frequency in Hertz (Hz)."
        }
      }
    }
  },
  "type": "object",
  "allOf": [
    {"$ref": "oic.baseResource.json#/definitions/oic.r.baseresource"},
    {"$ref": "#/definitions/oic.r.energy.electrical"}
  ],
  "required": [ "voltage", "current", "frequency" ]
}