{
  "id": "http://openinterconnect.org/schemas/oic.r.sensor.geolocation#",
  "$schema": "http://json-schema.org/draft-04/schema#",
  "description": "Copyright (c) 2016, 2017 Open Interconnect Consortium, Inc. All rights reserved.",
  "title": "Geolocation",
  "definitions": {
    "oic.r.sensor.geolocation": {
      "type": "object",
      "allOf": [
        {"$ref": "oic.r.altimeter.json#/definitions/oic.r.altimeter"},
        {"properties": {
           "latitude": {
             "type": "number",
             "readOnly": true,
             "description": "Device's Current Latitude coordinate (degrees)"
           },
           "longitude": {
             "type": "number",
             "readOnly": true,
             "description": "Device's Current Longitude coordinate (degrees)"
           },
           "accuracy": {
             "type": "number",
             "minimum": 0,
             "readOnly": true,
             "description": "The accuracy level of the latitude and longitude coordinates (metres)"
           },
           "altitudeAccuracy": {
             "type": "number",
             "minimum": 0,
             "readOnly": true,
             "description": "The accuracy level of the altitude coordinates (metres)"
           },
           "heading": {
             "type": "number",
             "minimum": 0,
             "maximum": 360,
             "readOnly": true,
             "description": "Direction of travel of device (degree)"
           },
           "speed": {
             "type": "number",
             "minimum": 0,
             "readOnly": true,
             "description": "Device's current velocity (metres per second)"
           }
         }
        }
      ]
    }
  },
  "type": "object",
  "allOf": [
    {"$ref": "oic.baseResource.json#/definitions/oic.r.baseresource"},
    {"$ref": "#/definitions/oic.r.sensor.geolocation"}
  ],
  "required": ["latitude", "longitude", "alt"]
}
