{
  "id": "http://openinterconnect.org/iotdatamodels/schemas/oic.r.operational.state-Update.json#",
  "$schema": "http://json-schema.org/draft-04/schema#",
  "description" : "Copyright (c) 2016, 2017 Open Connectivity Foundation, Inc. All rights reserved.",
  "title": "Operational State",
  "definitions": {
    "oic.r.operational.state": {
      "type": "object",
      "properties": {
        "currentMachineState":  {
          "type": "string",
          "description": "Current state of operation of the device."
        },
        "currentJobState":      {
          "type": "string",
          "description": "Currently active jobState"
        }
      }
    }
  },
  "type": "object",
  "allOf": [
    {"$ref": "oic.baseResource.json#/definitions/oic.r.baseresource"},
    {"$ref": "#/definitions/oic.r.operational.state"}
  ]
}
