{
  "id": "http://openinterconnect.org/iotdatamodels/schemas/oic.r.iceMaker-Update.json#",
  "$schema": "http://json-schema.org/draft-04/schema#",
  "description" : "Copyright (c) 2016, 2017 Open Connectivity Foundation, Inc. All rights reserved.",
  "title": "Ice Maker",
  "definitions": {
    "oic.r.icemaker": {
      "type": "object",
      "properties": {
        "status": {
          "enum": ["on","off"],
          "description": "Set the status of the Ice Maker"
        }
      }
    }
  },
  "type": "object",
  "allOf": [
    {"$ref": "oic.baseResource.json#/definitions/oic.r.baseresource"},
    {"$ref": "#/definitions/oic.r.icemaker"}
  ],
  "required": ["status"]
}
