{
  "id": "http://openinterconnect.org/iotdatamodels/schemas/oic.r.colour.chroma.json#",
  "$schema": "http://json-schema.org/draft-04/schema#",
  "description" : "Copyright (c) 2016, 2017 Open Connectivity Foundation, Inc. All rights reserved.",
  "title": "Colour Chroma",
  "definitions": {
    "oic.r.colour.chroma": {
      "type": "object",
      "allOf": [
        {"$ref": "oic.r.colour.hs.json#/definitions/oic.r.colour.hs"},
        {"$ref": "oic.r.colour.csc.json#/definitions/oic.r.colour.csc"},
        {"$ref": "oic.r.colour.colourtemperature.json#/definitions/oic.r.colour.colourtemperature"}
      ]
    }
  },
  "type": "object",
  "allOf": [
    {"$ref": "oic.baseResource.json#/definitions/oic.r.baseresource"},
    {"$ref": "#/definitions/oic.r.colour.chroma"}
  ],
  "required": [ "hue", "saturation", "csc" ]
}
