{
  "id": "http://openinterconnect.org/iotdatamodels/schemas/oic.r.colour.rgb.json#",
  "$schema": "http://json-schema.org/draft-04/schema#",
  "description" : "Copyright (c) 2016, 2017 Open Connectivity Foundation, Inc. All rights reserved.",
  "title": "Colour RGB",
  "definitions": {
    "oic.r.colour.rgb": {
      "type": "object",
      "properties": {
        "rgbValue": {
          "type": "array",
          "description": "RGB value; the first item is the R, second the G, third the B.",
          "minItems": 3,
          "maxItems": 3,
          "items": {
            "type": "integer"
          }
        }
      }
    }
  },
  "type": "object",
  "allOf": [
    {"$ref": "oic.baseResource.json#/definitions/oic.r.baseresource"},
    {"$ref": "#/definitions/oic.r.colour.rgb"}
  ],
  "required": ["rgbValue"]
}
