{
  "id": "http://openinterconnect.org/iotdatamodels/schemas/oic.r.consumablecollection-ll#",
  "$schema": "http://json-schema.org/draft-04/schema#",
  "description" : "Copyright (c) 2017,2018 Open Connectivity Foundation, Inc. All rights reserved.",
  "title": "Consumables Collection Link List Schema",
  "definitions": {
    "consumablecollection-ll": {
      "type": "array",
      "items": {
        "$ref": "oic.collection-schema.json#/definitions/oic.oic-link"
      }
    }
  },
  "allOf": [
    {"$ref": "#/definitions/consumablecollection-ll"}
  ]
}
