{
  "id": "http://openinterconnect.org/schemas/powerSource#",
  "$schema": "http://json-schema.org/draft-04/schema#",
  "description" : "Copyright (c) 2016-2017 Open Connectivity Foundation, Inc. All rights reserved.",
  "title": "schema for powersource",
  "definitions": {
    "oic.r.powerSource": {
      "type" : "object",
      "properties" : {
        "powerSources": {
            "type" : "array",
            "items" : {
                "type" : "string",
                "enum" : [
                    "unknown",
                    "DC power", 
                    "Internal Battery", 
                    "External Battery", 
                    "Power over Ethernet",
                    "USB",
                    "AC (Mains) Power",
                    "Solar"],
                "uniqueItems": true,
                "minItems": 1
            }
        }
      }
    }
  },
  "type": "object",
  "allOf": [
    {"$ref": "oic.core.json#/definitions/oic.core"},
    {"$ref": "oic.baseResource.json#/definitions/oic.r.baseresource"},
    {"$ref": "#/definitions/oic.r.powerSource"}
  ],
  "required": ["powerSources"]
}
