{
  "swagger": "2.0",
  "info": {
    "title": "Refrigeration",
    "version": "v1.1.0-20160519",
    "license": {
      "name": "copyright 2016-2017 Open Connectivity Foundation, Inc. All rights reserved.",
      "x-description": "Redistribution and use in source and binary forms, with or without modification, are permitted provided that the following conditions are met:\n        1.  Redistributions of source code must retain the above copyright notice, this list of conditions and the following disclaimer.\n        2.  Redistributions in binary form must reproduce the above copyright notice, this list of conditions and the following disclaimer in the documentation and/or other materials provided with the distribution.\n\n        THIS SOFTWARE IS PROVIDED BY THE Open Connectivity Foundation, INC. \"AS IS\" AND ANY EXPRESS OR IMPLIED WARRANTIES, INCLUDING, BUT NOT LIMITED TO, THE IMPLIED WARRANTIES OF MERCHANTABILITY AND FITNESS FOR A PARTICULAR PURPOSE OR WARRANTIES OF NON-INFRINGEMENT, ARE DISCLAIMED.\n        IN NO EVENT SHALL THE Open Connectivity Foundation, INC. OR CONTRIBUTORS BE LIABLE FOR ANY DIRECT, INDIRECT, INCIDENTAL, SPECIAL, EXEMPLARY, OR CONSEQUENTIAL DAMAGES (INCLUDING, BUT NOT LIMITED TO, PROCUREMENT OF SUBSTITUTE GOODS OR SERVICES; LOSS OF USE, DATA, OR PROFITS; OR BUSINESS INTERRUPTION)\n        HOWEVER CAUSED AND ON ANY THEORY OF LIABILITY, WHETHER IN CONTRACT, STRICT LIABILITY, OR TORT (INCLUDING NEGLIGENCE OR OTHERWISE) ARISING IN ANY WAY OUT OF THE USE OF THIS SOFTWARE, EVEN IF ADVISED OF THE POSSIBILITY OF SUCH DAMAGE.\n"
    }
  },
  "schemes": ["http"],
  "consumes": ["application/json"],
  "produces": ["application/json"],
  "paths": {
    "/RefrigerationResURI" : {
      "get": {
        "description": "This resource describes a refrigeration function.\nThe filter state is a read-only value providing the percentage life time remaining for the water filter.\nRapidFreeze is a boolean that controls the rapid freeze capability if present.\nRapidCool is a boolean that controls the rapid cool capability if present.\nDefrost is a boolean that controls the defrost cycle if present.\nAt least one of the listed Properties shall be present in a Resource Instance.\nRetrieves the current Refrigeration function status; all Properties supported by the Device are returned.\n",
        "parameters": [
          {"$ref": "#/parameters/interface"}
        ],
        "responses": {
            "200": {
              "description" : "",
              "x-example":
                {
                  "rt":           ["oic.r.refrigeration"],
                  "id":           "unique_example_id",
                  "filter":       75,
                  "rapidFreeze":  false,
                  "rapidCool":    false,
                  "defrost":      true
                }
                ,
              "schema": { "$ref": "#/definitions/Refrigeration" }
            }
        }
      },
      "post": {
        "description": "Activates the desired Refrigeration functions.\nSuported values are rapidFreeze, rapidCool and defrost.\nAt least on of the supported values shall be provided.\n",
        "parameters": [
          {"$ref": "#/parameters/interface"},
          {
            "name": "body",
            "in": "body",
            "required": true,
            "schema": { "$ref": "#/definitions/RefrigerationUpdate" },
            "x-example":
              {
                "id":           "unique_example_id",
                "rapidFreeze":  true
              }
          }
        ],
        "responses": {
            "200": {
              "description" : "Indicates that the Refrigeration function was changed.\nThe new status can be provided in the response.\n",
              "x-example":
                {
                  "id":           "unique_example_id",
                  "rapidFreeze":  true
                }
                ,
              "schema": { "$ref": "#/definitions/RefrigerationUpdate" }
            }
        }
      }
    }
  },
  "parameters": {
    "interface" : {
      "in" : "query",
      "name" : "if",
      "type" : "string",
      "enum" : ["oic.if.a", "oic.if.baseline"]
    }
  },
  "definitions": {
    "Refrigeration" : {
      "properties": {
        "rt" :
                {
          "description": "Resource Type",
          "items": {
            "maxLength": 64,
            "type": "string"
          },
          "minItems": 1,
          "readOnly": true,
          "type": "array"
        },

        "rapidFreeze" :
                {
          "description": "Indicates whether the unit has a rapid freeze capability active.",
          "type": "boolean"
        },

        "defrost" :
                {
          "description": "Indicates whether a defrost cycle is currently active",
          "type": "boolean"
        },

        "precision" :
                {
          "description": "Accuracy granularity of the exposed value",
          "readOnly": true,
          "type": "number"
        },

        "value" :
                {
          "anyOf": [
            {
              "type": "array"
            },
            {
              "type": "string"
            },
            {
              "type": "boolean"
            },
            {
              "type": "integer"
            },
            {
              "type": "number"
            },
            {
              "type": "object"
            }
          ],
          "description": "The value sensed or actuated by this Resource"
        },

        "n" :
                {
          "description": "Friendly name of the resource",
          "maxLength": 64,
          "readOnly": true,
          "type": "string"
        },

        "filter" :
                {
          "description": "Percentage life time remaining for the water filter",
          "maximum": 100,
          "minimum": 0,
          "readOnly": true,
          "type": "integer"
        },

        "range" :
                {
          "description": "The valid range for the value Property",
          "items": {
            "anyOf": [
              {
                "type": "number"
              },
              {
                "type": "integer"
              }
            ]
          },
          "maxItems": 2,
          "minItems": 2,
          "readOnly": true,
          "type": "array"
        },

        "rapidCool" :
                {
          "description": "Indicates whether the unit has a rapid cool capability active",
          "type": "boolean"
        },

        "step" :
                {
          "anyOf": [
            {
              "type": "integer"
            },
            {
              "type": "number"
            }
          ],
          "description": "Step value across the defined range",
          "readOnly": true
        },

        "id" :
                {
          "description": "Instance ID of this specific resource",
          "maxLength": 64,
          "readOnly": true,
          "type": "string"
        },

        "if" :
                {
          "description": "The interface set supported by this resource",
          "items": {
            "enum": [
              "oic.if.baseline",
              "oic.if.ll",
              "oic.if.b",
              "oic.if.lb",
              "oic.if.rw",
              "oic.if.r",
              "oic.if.a",
              "oic.if.s"
            ],
            "type": "string"
          },
          "minItems": 1,
          "readOnly": true,
          "type": "array"
        }

        }
        ,"anyOf" : 
                [
          {
            "required": [
              "filter"
            ]
          },
          {
            "required": [
              "rapidFreeze"
            ]
          },
          {
            "required": [
              "rapidCool"
            ]
          },
          {
            "required": [
              "defrost"
            ]
          }
        ]

        ,"type" : "object"
    }
    ,
    "RefrigerationUpdate" : {
      "properties": {
        "rt" :
                {
          "description": "Resource Type",
          "items": {
            "maxLength": 64,
            "type": "string"
          },
          "minItems": 1,
          "readOnly": true,
          "type": "array"
        },

        "rapidFreeze" :
                {
          "description": "Indicates whether the unit has a rapid freeze capability active.",
          "type": "boolean"
        },

        "defrost" :
                {
          "description": "Indicates whether a defrost cycle is currently active",
          "type": "boolean"
        },

        "precision" :
                {
          "description": "Accuracy granularity of the exposed value",
          "readOnly": true,
          "type": "number"
        },

        "value" :
                {
          "anyOf": [
            {
              "type": "array"
            },
            {
              "type": "string"
            },
            {
              "type": "boolean"
            },
            {
              "type": "integer"
            },
            {
              "type": "number"
            },
            {
              "type": "object"
            }
          ],
          "description": "The value sensed or actuated by this Resource"
        },

        "n" :
                {
          "description": "Friendly name of the resource",
          "maxLength": 64,
          "readOnly": true,
          "type": "string"
        },

        "range" :
                {
          "description": "The valid range for the value Property",
          "items": {
            "anyOf": [
              {
                "type": "number"
              },
              {
                "type": "integer"
              }
            ]
          },
          "maxItems": 2,
          "minItems": 2,
          "readOnly": true,
          "type": "array"
        },

        "rapidCool" :
                {
          "description": "Indicates whether the unit has a rapid cool capability active",
          "type": "boolean"
        },

        "step" :
                {
          "anyOf": [
            {
              "type": "integer"
            },
            {
              "type": "number"
            }
          ],
          "description": "Step value across the defined range",
          "readOnly": true
        },

        "id" :
                {
          "description": "Instance ID of this specific resource",
          "maxLength": 64,
          "readOnly": true,
          "type": "string"
        },

        "if" :
                {
          "description": "The interface set supported by this resource",
          "items": {
            "enum": [
              "oic.if.baseline",
              "oic.if.ll",
              "oic.if.b",
              "oic.if.lb",
              "oic.if.rw",
              "oic.if.r",
              "oic.if.a",
              "oic.if.s"
            ],
            "type": "string"
          },
          "minItems": 1,
          "readOnly": true,
          "type": "array"
        }

        }
        ,"anyOf" : 
                [
          {
            "required": [
              "rapidFreeze"
            ]
          },
          {
            "required": [
              "rapidCool"
            ]
          },
          {
            "required": [
              "defrost"
            ]
          }
        ]

        ,"type" : "object"
    }
  }
}
