{
  "swagger": "2.0",
  "info": {
    "title": "Temperature",
    "version": "v1.1.0-20160519",
    "license": {
      "name": "copyright 2016-2017 Open Connectivity Foundation, Inc. All rights reserved.",
      "x-description": "Redistribution and use in source and binary forms, with or without modification, are permitted provided that the following conditions are met:\n        1.  Redistributions of source code must retain the above copyright notice, this list of conditions and the following disclaimer.\n        2.  Redistributions in binary form must reproduce the above copyright notice, this list of conditions and the following disclaimer in the documentation and/or other materials provided with the distribution.\n\n        THIS SOFTWARE IS PROVIDED BY THE Open Connectivity Foundation, INC. \"AS IS\" AND ANY EXPRESS OR IMPLIED WARRANTIES, INCLUDING, BUT NOT LIMITED TO, THE IMPLIED WARRANTIES OF MERCHANTABILITY AND FITNESS FOR A PARTICULAR PURPOSE OR WARRANTIES OF NON-INFRINGEMENT, ARE DISCLAIMED.\n        IN NO EVENT SHALL THE Open Connectivity Foundation, INC. OR CONTRIBUTORS BE LIABLE FOR ANY DIRECT, INDIRECT, INCIDENTAL, SPECIAL, EXEMPLARY, OR CONSEQUENTIAL DAMAGES (INCLUDING, BUT NOT LIMITED TO, PROCUREMENT OF SUBSTITUTE GOODS OR SERVICES; LOSS OF USE, DATA, OR PROFITS; OR BUSINESS INTERRUPTION)\n        HOWEVER CAUSED AND ON ANY THEORY OF LIABILITY, WHETHER IN CONTRACT, STRICT LIABILITY, OR TORT (INCLUDING NEGLIGENCE OR OTHERWISE) ARISING IN ANY WAY OUT OF THE USE OF THIS SOFTWARE, EVEN IF ADVISED OF THE POSSIBILITY OF SUCH DAMAGE.\n"
    }
  },
  "schemes": ["http"],
  "consumes": ["application/json"],
  "produces": ["application/json"],
  "paths": {
    "/TemperatureResURI" : {
      "get": {
        "description": "This resource describes a sensed or actuated Temperature value.\nThe temperature describes the current value measured.\nThe units is a single value that is one of C, F or K.\nIt provides the unit of measurement for the temperature value.\nIt is a read-only value that is provided by the server.\nIf the units Property is missing the default is Celsius [C].\nWhen range (from oic.r.baseresource) is omitted the default is +/- MAXINT.\nRetrieves the current temperature value.\nA client can specify the units for the requested temperature by use of a query parameter.\nIf no query parameter is provided the server provides its default measure or set value.\nIt is recommended to return always the units Property in the result.\n",
        "parameters": [
          {"$ref": "#/parameters/interface"},
          {
            "in": "query",
            "description": "Units",
            "type": "string",
            "enum": ["C", "F", "K"],
            "name": "units"
          }
        ],
        "responses": {
            "200": {
              "description" : "",
              "x-example":
                {
                  "rt":           ["oic.r.temperature"],
                  "id":           "unique_example_id",
                  "temperature":  20.0,
                  "units":        "C",
                  "range":        [0.0,100.0]
                }
                ,
              "schema": { "$ref": "#/definitions/Temperature" }
            },
            "403": {
              "description" : "This response is generated by the OIC Server when the client sends:\n  A retrieve with q queryParameter indicating a unit that the server does not support.\nThe server responds with the current resource representation including the\nunits property illustrating the supported units and the error.\n",
              "x-example":
                {
                  "id":           "unique_example_id",
                  "temperature":  20.0,
                  "units":        "C"
                }
                ,
              "schema": { "$ref": "#/definitions/Temperature" }
            }
        }
      },
      "post": {
        "description": "Sets the desired temperature value.\nIf a unit is included and the server does not support the unit indicated the request will fail.\nIf the units are omitted value is taken to be in C.\n",
        "parameters": [
          {"$ref": "#/parameters/interface"},
          {
            "name": "body",
            "in": "body",
            "required": true,
            "schema": { "$ref": "#/definitions/Temperature" },
            "x-example":
              {
                "id":           "unique_example_id",
                "temperature":  18.0
              }
          }
        ],
        "responses": {
            "200": {
              "description" : "",
              "x-example":
                {
                  "id":          "unique_example_id",
                  "temperature": 18.0
                }
                ,
              "schema": { "$ref": "#/definitions/Temperature" }
            },
            "403": {
              "description" : "This response is generated by the OIC Server when the client sends:\n  An update with an out of range property value for temperature.\n  An update with an unsupported unit for this server.\nThe server responds with the current resource representation including\nthe range property illustrating the supported range and the error.\n",
              "x-example":
                {
                  "id":           "unique_example_id",
                  "temperature":  20.0,
                  "units":        "C",
                  "range":        [0.0,100.0]
                }
                ,
              "schema": { "$ref": "#/definitions/Temperature" }
            }
        }
      }
    }
  },
  "parameters": {
    "interface" : {
      "in" : "query",
      "name" : "if",
      "type" : "string",
      "enum" : ["oic.if.a", "oic.if.s", "oic.if.baseline"]
    }
  },
  "definitions": {
    "Temperature" : {
      "properties": {
        "rt" :
                {
          "description": "Resource Type",
          "items": {
            "maxLength": 64,
            "type": "string"
          },
          "minItems": 1,
          "readOnly": true,
          "type": "array"
        },

        "temperature" :
                {
          "description": "Current temperature setting or measurement",
          "type": "number"
        },

        "precision" :
                {
          "description": "Accuracy granularity of the exposed value",
          "readOnly": true,
          "type": "number"
        },

        "value" :
                {
          "anyOf": [
            {
              "type": "array"
            },
            {
              "type": "string"
            },
            {
              "type": "boolean"
            },
            {
              "type": "integer"
            },
            {
              "type": "number"
            },
            {
              "type": "object"
            }
          ],
          "description": "The value sensed or actuated by this Resource"
        },

        "n" :
                {
          "description": "Friendly name of the resource",
          "maxLength": 64,
          "readOnly": true,
          "type": "string"
        },

        "units" :
                {
          "description": "Units for the temperature value",
          "enum": [
            "C",
            "F",
            "K"
          ],
          "readOnly": true,
          "type": "string"
        },

        "range" :
                {
          "description": "The valid range for the value Property",
          "items": {
            "anyOf": [
              {
                "type": "number"
              },
              {
                "type": "integer"
              }
            ]
          },
          "maxItems": 2,
          "minItems": 2,
          "readOnly": true,
          "type": "array"
        },

        "step" :
                {
          "anyOf": [
            {
              "type": "integer"
            },
            {
              "type": "number"
            }
          ],
          "description": "Step value across the defined range",
          "readOnly": true
        },

        "id" :
                {
          "description": "Instance ID of this specific resource",
          "maxLength": 64,
          "readOnly": true,
          "type": "string"
        },

        "if" :
                {
          "description": "The interface set supported by this resource",
          "items": {
            "enum": [
              "oic.if.baseline",
              "oic.if.ll",
              "oic.if.b",
              "oic.if.lb",
              "oic.if.rw",
              "oic.if.r",
              "oic.if.a",
              "oic.if.s"
            ],
            "type": "string"
          },
          "minItems": 1,
          "readOnly": true,
          "type": "array"
        }

        }
        ,"type" : "object"
      ,"required": ["temperature"]
    }
  }
}
